Max Capacity,Status,Generator
35,1,GEN_111104_LOWERJHELUM1_132_1
35,1,GEN_111104_LOWERJHELUM1_132_2
35,1,GEN_111104_LOWERJHELUM1_132_3
4.6,0,GEN_111108_UDAMPUR1_132_1
4.6,0,GEN_111108_UDAMPUR1_132_2
4.6,0,GEN_111108_UDAMPUR1_132_3
4.6,0,GEN_111108_UDAMPUR1_132_4
4.6,0,GEN_111108_UDAMPUR1_132_5
47,0,GEN_111119_UPPERSIND_132_1
47,0,GEN_111119_UPPERSIND_132_2
35.5,1,GEN_111119_UPPERSIND_132_3
35.5,1,GEN_111119_UPPERSIND_132_4
35.5,1,GEN_111119_UPPERSIND_132_5
25,1,GEN_111129_PAMPORE1_132_1
25,1,GEN_111129_PAMPORE1_132_2
25,1,GEN_111129_PAMPORE1_132_3
25,1,GEN_111129_PAMPORE1_132_4
25,1,GEN_111129_PAMPORE1_132_5
25,1,GEN_111129_PAMPORE1_132_6
25,1,GEN_111129_PAMPORE1_132_7
110,1,GEN_112208_KISHANNGA-GE_220_1
110,1,GEN_112208_KISHANNGA-GE_220_2
110,1,GEN_112208_KISHANNGA-GE_220_3
150,1,GEN_114401_BAGLIHAR4_400_1
150,1,GEN_114401_BAGLIHAR4_400_2
150,1,GEN_114401_BAGLIHAR4_400_3
150,1,GEN_114401_BAGLIHAR4_400_4
150,1,GEN_114401_BAGLIHAR4_400_5
150,1,GEN_114401_BAGLIHAR4_400_6
4.5,1,GEN_121102_BAJAURA1_132_TH
43,1,GEN_121104_MALANA1_132_1
43,1,GEN_121104_MALANA1_132_2
10.5,1,GEN_121105_KANGRA1_132_GJ
12,1,GEN_121105_KANGRA1_132_KH
15,1,GEN_121109_BASSI1_132_1
15,1,GEN_121109_BASSI1_132_2
15,1,GEN_121109_BASSI1_132_3
15,1,GEN_121109_BASSI1_132_4
30,1,GEN_121112_GIRI1_132_1
30,1,GEN_121112_GIRI1_132_2
12,1,GEN_121115_PALAMPUR_132_BN
6,1,GEN_121115_PALAMPUR_132_BW
42,1,GEN_121119_LARJI1_132_1
42,1,GEN_121119_LARJI1_132_2
42,1,GEN_121119_LARJI1_132_3
36,1,GEN_121128_CHANJU-1_220_1
30,1,GEN_121140_UHL-3_132_1
30,1,GEN_121140_UHL-3_132_2
30,1,GEN_121140_UHL-3_132_3
35,1,GEN_122202_BUDHIL_220_1
35,1,GEN_122202_BUDHIL_220_2
65,1,GEN_122207_KASANG_220_1
65,1,GEN_122207_KASANG_220_2
65,1,GEN_122207_KASANG_220_3
50,1,GEN_122211_TIDONG_220_1
50,1,GEN_122211_TIDONG_220_2
30,1,GEN_122226_BHABA2_220_1
30,1,GEN_122226_BHABA2_220_2
30,1,GEN_122226_BHABA2_220_3
30,1,GEN_122226_BHABA2_220_4
100,1,GEN_124402_BASPA4_400_1
100,1,GEN_124402_BASPA4_400_2
100,1,GEN_124402_BASPA4_400_3
150,1,GEN_124403_SHANGTONG_400_1
150,1,GEN_124403_SHANGTONG_400_2
150,1,GEN_124403_SHANGTONG_400_3
120,0,GEN_124403_SHANGTONG_400_4
90,1,GEN_124404_CHANGO-YANTG_400_1
90,1,GEN_124404_CHANGO-YANTG_400_2
90,1,GEN_124404_CHANGO-YANTG_400_3
50,1,GEN_124903_SAINJ_400_1
50,1,GEN_124903_SAINJ_400_2
37,1,GEN_124910_SAWRA-KUDDU_400_1
37,1,GEN_124910_SAWRA-KUDDU_400_2
37,1,GEN_124910_SAWRA-KUDDU_400_3
15,1,GEN_131100_UBDCPH-1_132_1
16.5,1,GEN_131100_UBDCPH-1_132_2
19.5,1,GEN_131110_MUKERIAN-4_132_1
19.5,1,GEN_131110_MUKERIAN-4_132_2
19.5,1,GEN_131110_MUKERIAN-4_132_3
19.5,1,GEN_131118_MUKERI-3_132_1
19.5,1,GEN_131118_MUKERI-3_132_2
19.5,1,GEN_131118_MUKERI-3_132_3
33.5,1,GEN_131149_ANANDGARH-2_132_1
33.5,1,GEN_131149_ANANDGARH-2_132_2
33.5,1,GEN_131149_ANANDGARH-2_132_3
33.5,1,GEN_131149_ANANDGARH-2_132_4
15,1,GEN_131170_UBDCPH-3_132_1
16.5,1,GEN_131170_UBDCPH-3_132_2
15,1,GEN_131171_UBDCPH-2_132_1
16.5,1,GEN_131171_UBDCPH-2_132_2
15,1,GEN_131189_MUKERI-1_132_1
15,1,GEN_131189_MUKERI-1_132_2
15,1,GEN_131189_MUKERI-1_132_3
15,1,GEN_131190_MUKERI-2_132_1
15,1,GEN_131190_MUKERI-2_132_2
15,1,GEN_131190_MUKERI-2_132_3
15,1,GEN_131192_JOGINDERNAGA_132_1
15,1,GEN_131192_JOGINDERNAGA_132_2
15,1,GEN_131192_JOGINDERNAGA_132_3
15,1,GEN_131192_JOGINDERNAGA_132_4
50,1,GEN_131192_JOGINDERNAGA_132_5
33.5,1,GEN_131197_ANANDGARH-1_132_1
33.5,1,GEN_131197_ANANDGARH-1_132_2
70,1,GEN_131271_SHAPUR-KHAND_132_1
70,1,GEN_131271_SHAPUR-KHAND_132_2
70,1,GEN_131271_SHAPUR-KHAND_132_3
70,1,GEN_131271_SHAPUR-KHAND_132_4
210,1,GEN_132204_LEHRAMOHABBA_220_1
210,1,GEN_132204_LEHRAMOHABBA_220_2
250,1,GEN_132204_LEHRAMOHABBA_220_3
250,1,GEN_132204_LEHRAMOHABBA_220_4
150,1,GEN_132221_RSD_220_1
150,1,GEN_132221_RSD_220_2
150,1,GEN_132221_RSD_220_3
150,1,GEN_132221_RSD_220_4
210,1,GEN_132232_ROPAR_220_1
210,1,GEN_132232_ROPAR_220_2
210,1,GEN_132232_ROPAR_220_3
210,1,GEN_132232_ROPAR_220_4
210,1,GEN_132232_ROPAR_220_5
210,1,GEN_132232_ROPAR_220_6
110,1,GEN_132247_BATHINDA_220_1
110,1,GEN_132247_BATHINDA_220_2
110,1,GEN_132247_BATHINDA_220_3
110,1,GEN_132247_BATHINDA_220_4
270,1,GEN_132270_GOINDWAL_220_1
270,1,GEN_132270_GOINDWAL_220_2
660,1,GEN_134401_TALWANDISABO_400_1
660,1,GEN_134401_TALWANDISABO_400_2
660,1,GEN_134401_TALWANDISABO_400_3
700,1,GEN_134406_RAJPURA_TH_400_1
700,1,GEN_134406_RAJPURA_TH_400_2
110,1,GEN_142211_PANIPAT_OLD_220_1
110,1,GEN_142211_PANIPAT_OLD_220_2
110,1,GEN_142211_PANIPAT_OLD_220_3
110,1,GEN_142211_PANIPAT_OLD_220_4
300,1,GEN_142235_YAMUNA2_220_1
300,1,GEN_142235_YAMUNA2_220_2
210,1,GEN_142929_PANIPAT_NEW_220_5
210,1,GEN_142929_PANIPAT_NEW_220_6
250,1,GEN_142929_PANIPAT_NEW_220_7
250,1,GEN_142929_PANIPAT_NEW_220_8
660,0,GEN_144035_YAMUNANAGAR_400_1
600,1,GEN_144401_KHEDAR_400_1
600,1,GEN_144401_KHEDAR_400_2
660,1,GEN_144404_JHAJAR_N_400_1
660,1,GEN_144404_JHAJAR_N_400_2
121.2,1,GEN_152203_PRAGATI_BDR_220_G1
250,1,GEN_152207_PRAGATI_MND_220_1
250,1,GEN_152207_PRAGATI_MND_220_2
250,1,GEN_152207_PRAGATI_MND_220_3
104.6,1,GEN_152207_PRAGATI_MND_220_G2
121.2,1,GEN_152207_PRAGATI_MND_220_S1
36,1,GEN_152217_ROHINI_220_1
36,1,GEN_152217_ROHINI_220_2
36,1,GEN_152217_ROHINI_220_3
67.5,1,GEN_153006_RAJGHATG_33_1
67.5,1,GEN_153006_RAJGHATG_33_2
343,1,GEN_154426_BAWANA-G_400_G1
343,1,GEN_154426_BAWANA-G_400_G2
343,0,GEN_154426_BAWANA-G_400_G3
343,0,GEN_154426_BAWANA-G_400_G4
250,0,GEN_154426_BAWANA-G_400_S1
250,0,GEN_154426_BAWANA-G_400_S2
30,0,GEN_156001_DEL_GAS6_66_G1
30,0,GEN_156001_DEL_GAS6_66_G2
30,0,GEN_156001_DEL_GAS6_66_G3
30,0,GEN_156001_DEL_GAS6_66_G4
30,0,GEN_156001_DEL_GAS6_66_G5
30,1,GEN_156001_DEL_GAS6_66_G6
34,1,GEN_156001_DEL_GAS6_66_S1
34,1,GEN_156001_DEL_GAS6_66_S2
34,1,GEN_156001_DEL_GAS6_66_S3
41.16,1,GEN_161110_JAISALMER_132_W1
35.5,1,GEN_161117_RAMGARH21_132_1
37.5,1,GEN_161117_RAMGARH21_132_2
37.5,1,GEN_161117_RAMGARH21_132_3
35.5,0,GEN_161117_RAMGARH21_132_G1
37.5,0,GEN_161117_RAMGARH21_132_G2
37.5,0,GEN_161117_RAMGARH21_132_G3
5,1,GEN_161117_RAMGARH21_132_S1
43,1,GEN_161122_RPS1_132_1
43,1,GEN_161122_RPS1_132_2
43,1,GEN_161122_RPS1_132_3
43,1,GEN_161122_RPS1_132_4
50,1,GEN_161160_MAHI-I_132_1
49.5,1,GEN_161623_JS1_132_1
49.5,1,GEN_161623_JS1_132_2
49.5,1,GEN_161623_JS1_132_3
45,1,GEN_161685_MAHI-II_132_1
45,1,GEN_161685_MAHI-II_132_2
2.1,1,GEN_161762_PS-5_132_W1
55,1,GEN_161764_PS2-21_132_S1
10,1,GEN_161764_PS2-21_132_S2
119.9,1,GEN_161765_PS3-1_132_S1
8.1,1,GEN_161765_PS3-1_132_S2
61,1,GEN_161766_PSNO1_132_S2
150,0,GEN_161863_TEMDRIA_132_W1
5,1,GEN_162000_AAU-SW_220_S1
40,1,GEN_162202_NAGAUR-S_220_S1
200,1,GEN_162204_RAPS_A2_220_1
200,1,GEN_162204_RAPS_A2_220_2
300,1,GEN_162216_BARMER_220_1
300,0,GEN_162216_BARMER_220_2
300,0,GEN_162216_BARMER_220_3
100,1,GEN_162216_BARMER_220_V1
49.6,1,GEN_162216_BARMER_220_W1
10,1,GEN_162217_BHILWA-2_220_S1
5,1,GEN_162217_BHILWA-2_220_S2
102,1,GEN_162217_BHILWA-2_220_V1
125,1,GEN_162218_GIRALTPS_220_1
125,1,GEN_162218_GIRALTPS_220_2
110,1,GEN_162220_DHOLPU-4_220_1
110,1,GEN_162220_DHOLPU-4_220_2
110,1,GEN_162220_DHOLPU-4_220_3
110,0,GEN_162220_DHOLPU-4_220_G1
110,0,GEN_162220_DHOLPU-4_220_G2
110,0,GEN_162220_DHOLPU-4_220_G3
300,1,GEN_162226_MADA-SUZ_220_1
300,0,GEN_162226_MADA-SUZ_220_2
300,0,GEN_162226_MADA-SUZ_220_3
221,1,GEN_162226_MADA-SUZ_220_W1
5,1,GEN_162231_BALOTRA_220_S1
5,1,GEN_162236_NEEMR-RS_220_S2
300,1,GEN_162237_AMARSAGAR-W_220_1
300,0,GEN_162237_AMARSAGAR-W_220_2
300,0,GEN_162237_AMARSAGAR-W_220_3
818,1,GEN_162237_AMARSAGAR-W_220_W1
300,1,GEN_162238_TINWARI-WS_220_1
300,0,GEN_162238_TINWARI-WS_220_2
300,0,GEN_162238_TINWARI-WS_220_3
15,1,GEN_162238_TINWARI-WS_220_S1
174,1,GEN_162238_TINWARI-WS_220_W1
300,1,GEN_162239_PHALODI_220_1
300,0,GEN_162239_PHALODI_220_2
300,0,GEN_162239_PHALODI_220_3
18,1,GEN_162240_BHOPALGA_220_V1
27.5,1,GEN_162240_BHOPALGA_220_W1
59.4,1,GEN_162240_BHOPALGA_220_W2
5,1,GEN_162241_KHINVSAR_220_S1
125,1,GEN_162242_BARSINGS_220_1
125,1,GEN_162242_BARSINGS_220_2
250,1,GEN_162257_SURATGARH-42_220_1
250,1,GEN_162257_SURATGARH-42_220_2
440,1,GEN_162260_BANSWARA-W_220_V1
110,1,GEN_162261_KTPS_220_1
110,1,GEN_162261_KTPS_220_2
210,1,GEN_162261_KTPS_220_3
210,1,GEN_162261_KTPS_220_4
210,1,GEN_162261_KTPS_220_5
195,1,GEN_162261_KTPS_220_6
195,1,GEN_162261_KTPS_220_7
130,1,GEN_162262_BADISID-S_220_S1
70,1,GEN_162262_BADISID-S_220_S2
40,1,GEN_162266_BALI_220_S1
5,1,GEN_162277_GULABPUR_220_S1
135,1,GEN_162278_RAJWEST_220_7
135,1,GEN_162278_RAJWEST_220_8
300,1,GEN_162280_AKAL-2_220_1
300,0,GEN_162280_AKAL-2_220_2
300,0,GEN_162280_AKAL-2_220_3
79,1,GEN_162280_AKAL-2_220_V1
1522,1,GEN_162280_AKAL-2_220_W1
300,1,GEN_162282_BAP_2_220_1
300,0,GEN_162282_BAP_2_220_2
300,0,GEN_162282_BAP_2_220_3
201,1,GEN_162282_BAP_2_220_S1
20,1,GEN_162282_BAP_2_220_S2
300,1,GEN_162283_BHU-ENER_220_1
300,0,GEN_162283_BHU-ENER_220_2
300,0,GEN_162283_BHU-ENER_220_3
200,0,GEN_162283_BHU-ENER_220_W1
99,1,GEN_162284_BARLI_2_220_W1
75,1,GEN_162285_BHADLA-S_220_S1
1430,1,GEN_162285_BHADLA-S_220_S2
300,1,GEN_162293_DECHU_220_1
300,0,GEN_162293_DECHU_220_2
300,0,GEN_162293_DECHU_220_3
140,1,GEN_162293_DECHU_220_S1
160,1,GEN_162293_DECHU_220_S2
150,1,GEN_162293_DECHU_220_V1
18.5,1,GEN_162295_GAJNER_220_S1
17.5,1,GEN_162295_GAJNER_220_S2
140,0,GEN_162302_KETUKALA_220_W1
300,1,GEN_162314_RAMGARH_220_1
300,0,GEN_162314_RAMGARH_220_2
300,0,GEN_162314_RAMGARH_220_3
50,1,GEN_162314_RAMGARH_220_4
110,1,GEN_162314_RAMGARH_220_5
50,0,GEN_162314_RAMGARH_220_G4
110,0,GEN_162314_RAMGARH_220_G5
110,0,GEN_162314_RAMGARH_220_G6
50,0,GEN_162314_RAMGARH_220_G7
135,0,GEN_162321_VSLP_220_1
1000,1,GEN_162359_BHADLA-SP_220_S2
3000,0,GEN_162360_FATEHGARH_220_SF
3000,0,GEN_162361_PAREWAR_220_SF
101,1,GEN_162379_BHAWAD-S_220_S1
10,1,GEN_162390_BAITHWARA-W_220_S1
10,1,GEN_162390_BAITHWARA-W_220_S2
30,1,GEN_162390_BAITHWARA-W_220_W1
20,1,GEN_162395_SANWREEJ-WS_220_S1
60,1,GEN_162395_SANWREEJ-WS_220_V1
71.64,1,GEN_162654_KOLAYAT-S_220_S1
29.61,1,GEN_162654_KOLAYAT-S_220_S2
150,1,GEN_162757_POKARAN-S_220_S1
50,1,GEN_162757_POKARAN-S_220_S2
220,1,GEN_162760_PRATAPGARH-W_220_V1
240.4,1,GEN_162760_PRATAPGARH-W_220_W1
110,1,GEN_162874_UNDOO-WS_220_S2
500,1,GEN_164110_JAISALMER_400_V1
300,1,GEN_164402_BARMER-4_400_W1
5,1,GEN_164403_RAMGARH_400_S1
114,1,GEN_164403_RAMGARH_400_S2
600,1,GEN_164403_RAMGARH_400_V1
25.2,1,GEN_164403_RAMGARH_400_W1
250,1,GEN_164411_CHABRA-4_400_1
250,1,GEN_164411_CHABRA-4_400_2
250,1,GEN_164411_CHABRA-4_400_3
250,1,GEN_164411_CHABRA-4_400_4
660,1,GEN_164411_CHABRA-4_400_5
660,1,GEN_164411_CHABRA-4_400_6
660,1,GEN_164411_CHABRA-4_400_7
600,1,GEN_164412_KALISI-4_400_1
600,1,GEN_164412_KALISI-4_400_2
135,1,GEN_164413_RAJWEST_400_1
135,1,GEN_164413_RAJWEST_400_2
135,1,GEN_164413_RAJWEST_400_3
135,1,GEN_164413_RAJWEST_400_4
135,1,GEN_164413_RAJWEST_400_5
135,1,GEN_164413_RAJWEST_400_6
660,1,GEN_164414_KAWAI_400_1
660,1,GEN_164414_KAWAI_400_2
250,1,GEN_164457_SURATG-4_400_3
250,1,GEN_164457_SURATG-4_400_4
250,1,GEN_164457_SURATG-4_400_5
250,1,GEN_164457_SURATG-4_400_6
660,1,GEN_164457_SURATG-4_400_7
660,1,GEN_164457_SURATG-4_400_8
3000,0,GEN_164458_BIKANER-NW_400_SF
2000,0,GEN_164459_BHADLA-N_400_S
33,0,GEN_171170_OBRAH1_132_1
33,0,GEN_171170_OBRAH1_132_2
33,0,GEN_171170_OBRAH1_132_3
50,1,GEN_171189_RIHND1_132_1
50,1,GEN_171189_RIHND1_132_2
50,1,GEN_171189_RIHND1_132_3
50,1,GEN_171189_RIHND1_132_4
50,1,GEN_171189_RIHND1_132_5
50,1,GEN_171189_RIHND1_132_6
45,1,GEN_171610_KHAMBAKH_132_1
45,1,GEN_171610_KHAMBAKH_132_2
45,1,GEN_171627_UTRAULA_132_1
45,1,GEN_171627_UTRAULA_132_2
45,1,GEN_171663_MAQSUDPR_132_1
45,1,GEN_171663_MAQSUDPR_132_2
45,1,GEN_171666_BARKHER_132_1
45,1,GEN_171666_BARKHER_132_2
45,1,GEN_171668_KUNDARK_132_1
45,1,GEN_171668_KUNDARK_132_2
13,0,GEN_171700_AKBCHIN_132_1
25,0,GEN_171701_BALRCHIN_132_1
20,0,GEN_171702_DCM01_132_1
20.25,0,GEN_171703_HAIDER01_132_1
22,0,GEN_171704_LHSUGAR0_132_1
25,0,GEN_171705_MANCHIN_132_1
25,0,GEN_171706_RAUCHIN_132_1
20,0,GEN_171707_TRIVEN01_132_1
25,0,GEN_171708_TRIVEN02_132_1
13,0,GEN_171709_KUMBH_132_1
21.2,0,GEN_171710_GULARI01_132_1
13,0,GEN_171711_JKSUGAR_132_1
20,0,GEN_171712_MAWANA01_132_1
13,0,GEN_171713_MAWANA02_132_1
13,0,GEN_171714_MAWANA03_132_1
12.45,0,GEN_171715_SBECBIO_132_1
20,0,GEN_171716_SIMBHO01_132_1
20,0,GEN_171717_SIMBHO02_132_1
10,0,GEN_171719_OUDH_132_1
26,0,GEN_171720_DALMI01_132_1
26.15,0,GEN_171721_DALMI02_132_1
25,0,GEN_171722_DALMI03_132_1
20,0,GEN_171723_KMSAGA_132_1
25,0,GEN_171724_DWARIK01_132_1
25,0,GEN_171725_DWARIK02_132_1
15,0,GEN_171726_SUKHBI_132_1
13,1,GEN_171728_BAJAJ02_132_1
10,1,GEN_171729_BAJAJ03_132_1
10,1,GEN_171730_BAJAJ04_132_1
20,1,GEN_171732_BAJAJ06_132_1
13,1,GEN_171733_BAJAJ07_132_1
10,1,GEN_171734_BAJAJ08_132_1
13,1,GEN_171735_BAJAJ09_132_1
13,1,GEN_171736_BAJAJ10_132_1
13,0,GEN_171737_DCM02_132_1
13,0,GEN_171738_DCM03_132_1
13,0,GEN_171739_UTTAM01_132_1
10,0,GEN_171740_UTTAM02_132_1
25,0,GEN_171741_DHAMPU01_132_1
25,0,GEN_171742_DHAMPU02_132_1
20,0,GEN_171743_DHAMPU03_132_1
25.3,0,GEN_171744_UPPERG_132_1
25,0,GEN_171745_CHADA_132_1
20,0,GEN_171746_DAURAL_132_1
10,0,GEN_171747_PARLE01_132_1
20,0,GEN_171748_NEWIND_132_1
8.23,0,GEN_171749_PARLE02_132_1
6,0,GEN_171750_LHSUGAR0_132_1
10,0,GEN_171751_GULARI02_132_1
3,0,GEN_171752_HAIDER02_132_1
7.5,0,GEN_171753_DCM04_132_1
300,1,GEN_172227_ROSA-TP1_220_1
300,1,GEN_172227_ROSA-TP1_220_2
24,1,GEN_172247_KHARA2_220_1
24,1,GEN_172247_KHARA2_220_2
24,1,GEN_172247_KHARA2_220_3
60,1,GEN_172257_HARDUGN2_220_5
105,1,GEN_172257_HARDUGN2_220_7
250,1,GEN_172257_HARDUGN2_220_8
250,1,GEN_172257_HARDUGN2_220_9
110,1,GEN_172263_PARICHA2_220_1
110,1,GEN_172263_PARICHA2_220_2
210,1,GEN_172263_PARICHA2_220_3
210,1,GEN_172263_PARICHA2_220_4
105,1,GEN_172265_PANKI2_220_1
105,1,GEN_172265_PANKI2_220_2
94,1,GEN_172271_OBRA2_220_1
94,1,GEN_172271_OBRA2_220_2
50,1,GEN_172271_OBRA2_220_3
40,1,GEN_172271_OBRA2_220_4
110,1,GEN_172286_TANDA2_220_1
110,1,GEN_172286_TANDA2_220_2
110,1,GEN_172286_TANDA2_220_3
110,1,GEN_172286_TANDA2_220_4
660,1,GEN_174000_MEJA_400_1
600,1,GEN_174000_MEJA_400_2
660,1,GEN_174263_BARA_400_1
660,1,GEN_174263_BARA_400_2
660,1,GEN_174263_BARA_400_3
600,1,GEN_174264_KARCHNA_400_1
600,1,GEN_174264_KARCHNA_400_2
250,1,GEN_174408_PARICHHA_400_5
250,1,GEN_174408_PARICHHA_400_6
111,1,GEN_174447_VISHNU4_400_1
111,1,GEN_174447_VISHNU4_400_2
111,1,GEN_174447_VISHNU4_400_3
111,1,GEN_174447_VISHNU4_400_4
210,1,GEN_174468_ANPARA4_400_1
210,1,GEN_174468_ANPARA4_400_2
210,1,GEN_174468_ANPARA4_400_3
500,1,GEN_174468_ANPARA4_400_4
500,1,GEN_174468_ANPARA4_400_5
300,1,GEN_174471_ROSA-TP2_400_3
300,1,GEN_174471_ROSA-TP2_400_4
200,1,GEN_174472_OBRA4_400_5
200,1,GEN_174472_OBRA4_400_6
200,1,GEN_174472_OBRA4_400_7
200,1,GEN_174472_OBRA4_400_8
200,1,GEN_174472_OBRA4_400_9
660,1,GEN_174565_TANDA2_400_1
660,1,GEN_174565_TANDA2_400_2
600,1,GEN_177405_ANPARAC_765_1
600,1,GEN_177405_ANPARAC_765_2
500,1,GEN_177406_ANPARA-D_765_1
500,1,GEN_177406_ANPARA-D_765_2
660,1,GEN_178710_LALITPUR_765_1
660,1,GEN_178710_LALITPUR_765_2
660,1,GEN_178710_LALITPUR_765_3
40,1,GEN_181100_SEWA-II_132_1
40,1,GEN_181100_SEWA-II_132_2
40,1,GEN_181100_SEWA-II_132_3
50,1,GEN_181111_MALAN-II_132_1
50,1,GEN_181111_MALAN-II_132_2
28,1,GEN_181126_GANGUWAL_132_1
24,1,GEN_181126_GANGUWAL_132_2
24,1,GEN_181126_GANGUWAL_132_3
29,1,GEN_181135_KOTLA_132_1
24,1,GEN_181135_KOTLA_132_2
24,1,GEN_181135_KOTLA_132_3
60,1,GEN_182201_BAIRASIUL2_220_1
60,1,GEN_182201_BAIRASIUL2_220_2
60,1,GEN_182201_BAIRASIUL2_220_3
96,1,GEN_182202_ADHYDRO_220_1
96,1,GEN_182202_ADHYDRO_220_2
50,1,GEN_182204_SORANG_400_1
50,1,GEN_182204_SORANG_400_2
66,1,GEN_182214_PONG_220_1
66,1,GEN_182214_PONG_220_2
66,1,GEN_182214_PONG_220_3
66,1,GEN_182214_PONG_220_4
66,1,GEN_182214_PONG_220_5
66,1,GEN_182214_PONG_220_6
108,1,GEN_182216_BHAKRA_L_220_3
108,1,GEN_182216_BHAKRA_L_220_4
108,1,GEN_182216_BHAKRA_L_220_5
108,0,GEN_182216_BHAKRA_L_220_6
108,0,GEN_182216_BHAKRA_L_220_7
157,1,GEN_182217_BHAKRA_R_220_1
157,1,GEN_182217_BHAKRA_R_220_2
157,1,GEN_182217_BHAKRA_R_220_3
157,1,GEN_182217_BHAKRA_R_220_4
157,1,GEN_182217_BHAKRA_R_220_5
165,1,GEN_182218_DEHAR_220_1
165,1,GEN_182218_DEHAR_220_2
55,1,GEN_182219_BALLABGARH_220_1
55,1,GEN_182219_BALLABGARH_220_2
55,1,GEN_182219_BALLABGARH_220_3
115,1,GEN_182227_SALAL2_220_1
115,1,GEN_182227_SALAL2_220_2
115,1,GEN_182227_SALAL2_220_3
115,1,GEN_182227_SALAL2_220_4
115,1,GEN_182227_SALAL2_220_5
115,1,GEN_182227_SALAL2_220_6
31.4,1,GEN_182229_TANAKPUR2_220_1
31.4,1,GEN_182229_TANAKPUR2_220_2
31.4,1,GEN_182229_TANAKPUR2_220_3
111.19,1,GEN_182234_AURYA2_220_G1
111.19,1,GEN_182234_AURYA2_220_G2
111.19,1,GEN_182234_AURYA2_220_G3
111.19,1,GEN_182234_AURYA2_220_G4
109.3,1,GEN_182234_AURYA2_220_S1
109.3,1,GEN_182234_AURYA2_220_S2
88.7,1,GEN_182236_ANTA2_220_G1
88.7,1,GEN_182236_ANTA2_220_G2
88.7,1,GEN_182236_ANTA2_220_G3
153.2,0,GEN_182236_ANTA2_220_GT
153.2,1,GEN_182236_ANTA2_220_S1
70,1,GEN_182237_DHAULI2_400_1
70,1,GEN_182237_DHAULI2_400_2
70,1,GEN_182237_DHAULI2_400_3
70,1,GEN_182237_DHAULI2_400_4
130.19,1,GEN_182238_DADRI_G2_220_G1
130.19,1,GEN_182238_DADRI_G2_220_G2
130.19,1,GEN_182238_DADRI_G2_220_G3
130.19,1,GEN_182238_DADRI_G2_220_G4
154.51,1,GEN_182238_DADRI_G2_220_S1
154.51,1,GEN_182238_DADRI_G2_220_S2
220,1,GEN_182262_RAPS_B2_220_3
220,1,GEN_182262_RAPS_B2_220_4
210,1,GEN_182267_UNCHAHR2_220_1
210,1,GEN_182267_UNCHAHR2_220_2
210,1,GEN_182267_UNCHAHR2_220_3
210,1,GEN_182267_UNCHAHR2_220_4
210,1,GEN_182267_UNCHAHR2_220_5
500,1,GEN_182267_UNCHAHR2_220_S1
210,1,GEN_182907_DADRI_TH_220_1
210,1,GEN_182907_DADRI_TH_220_2
210,1,GEN_182907_DADRI_TH_220_3
210,1,GEN_182907_DADRI_TH_220_4
210,1,GEN_182907_DADRI_TH_220_SW
95,1,GEN_182921_BADARPR2_220_1
95,1,GEN_182921_BADARPR2_220_2
95,1,GEN_182921_BADARPR2_220_3
210,1,GEN_182921_BADARPR2_220_4
210,1,GEN_182921_BADARPR2_220_5
108,1,GEN_182922_FARIDAB2_220_G1
108,1,GEN_182922_FARIDAB2_220_G2
108,1,GEN_182922_FARIDAB2_220_G3
108,0,GEN_182922_FARIDAB2_220_G4
156,0,GEN_182922_FARIDAB2_220_S1
220,1,GEN_182927_NAPP2_220_1
220,1,GEN_182927_NAPP2_220_2
77,1,GEN_182928_CHAMER-3_220_1
77,1,GEN_182928_CHAMER-3_220_2
77,1,GEN_182928_CHAMER-3_220_3
60,1,GEN_182929_KUTEHR_220_1
60,1,GEN_182929_KUTEHR_220_2
60,1,GEN_182929_KUTEHR_220_3
60,1,GEN_182929_KUTEHR_220_4
500,1,GEN_184067_UNCHAHAAR_400_1
500,1,GEN_184400_JHAJJAR4_400_1
500,1,GEN_184400_JHAJJAR4_400_2
500,1,GEN_184400_JHAJJAR4_400_3
100,1,GEN_184401_CHAMERA-2_400_1
100,1,GEN_184401_CHAMERA-2_400_2
100,1,GEN_184401_CHAMERA-2_400_3
220,1,GEN_184405_RAPS_C4_400_5
220,1,GEN_184405_RAPS_C4_400_6
700,1,GEN_184405_RAPS_C4_400_7
700,1,GEN_184405_RAPS_C4_400_8
600,1,GEN_184409_PANIPAT_400_1
600,1,GEN_184409_PANIPAT_400_2
180,1,GEN_184411_CHAMERA-1_400_1
180,1,GEN_184411_CHAMERA-1_400_2
180,1,GEN_184411_CHAMERA-1_400_3
120,1,GEN_184414_URIG-1_400_1
120,1,GEN_184414_URIG-1_400_2
120,1,GEN_184414_URIG-1_400_3
120,1,GEN_184414_URIG-1_400_4
500,1,GEN_184416_RIHAND-G_400_1
500,1,GEN_184416_RIHAND-G_400_2
500,1,GEN_184416_RIHAND-G_400_3
500,1,GEN_184416_RIHAND-G_400_4
130,1,GEN_184418_DULHASTI_400_1
130,1,GEN_184418_DULHASTI_400_2
130,1,GEN_184418_DULHASTI_400_3
165,1,GEN_184419_DEHAR_400_3
165,1,GEN_184419_DEHAR_400_4
165,1,GEN_184419_DEHAR_400_5
165,1,GEN_184419_DEHAR_400_6
490,1,GEN_184424_DADR-NCR_400_5
490,1,GEN_184424_DADR-NCR_400_6
660,0,GEN_184431_KANPUR_400_1
660,0,GEN_184431_KANPUR_400_2
200,1,GEN_184440_KOLDAM_400_1
200,1,GEN_184440_KOLDAM_400_2
200,1,GEN_184440_KOLDAM_400_3
200,1,GEN_184440_KOLDAM_400_4
500,1,GEN_184446_RIHNDEXT_400_5
500,1,GEN_184446_RIHNDEXT_400_6
100,1,GEN_184452_KOTESHWA_400_1
100,1,GEN_184452_KOTESHWA_400_2
100,1,GEN_184452_KOTESHWA_400_3
100,1,GEN_184452_KOTESHWA_400_4
60,1,GEN_184453_URIG-2_400_1
60,1,GEN_184453_URIG-2_400_2
60,1,GEN_184453_URIG-2_400_3
60,1,GEN_184453_URIG-2_400_4
250,1,GEN_184456_KARCHAMW_400_1
250,1,GEN_184456_KARCHAMW_400_2
250,1,GEN_184456_KARCHAMW_400_3
250,1,GEN_184456_KARCHAMW_400_4
150,1,GEN_184458_SHRECEM_400_1
150,1,GEN_184458_SHRECEM_400_2
200,1,GEN_184470_PARBT-II_400_1
200,1,GEN_184470_PARBT-II_400_2
200,1,GEN_184470_PARBT-II_400_3
200,1,GEN_184470_PARBT-II_400_4
130,1,GEN_184471_PARBTI-3_400_1
130,1,GEN_184471_PARBTI-3_400_2
130,1,GEN_184471_PARBTI-3_400_3
130,1,GEN_184471_PARBTI-3_400_4
68.67,1,GEN_184478_RAMPUR_400_1
68.67,1,GEN_184478_RAMPUR_400_2
68.67,1,GEN_184478_RAMPUR_400_3
68.67,1,GEN_184478_RAMPUR_400_4
68.67,1,GEN_184478_RAMPUR_400_5
68.67,1,GEN_184478_RAMPUR_400_6
60,1,GEN_184485_BAJOLIHOLI_400_1
60,1,GEN_184485_BAJOLIHOLI_400_2
60,1,GEN_184485_BAJOLIHOLI_400_3
700,1,GEN_184486_GVAHP-NPCIL_400_1
700,1,GEN_184486_GVAHP-NPCIL_400_2
250,1,GEN_184499_TEHRI4_400_1
250,1,GEN_184499_TEHRI4_400_2
250,1,GEN_184499_TEHRI4_400_3
250,1,GEN_184499_TEHRI4_400_4
250,1,GEN_184499_TEHRI4_400_5
250,1,GEN_184499_TEHRI4_400_6
250,1,GEN_184499_TEHRI4_400_7
250,1,GEN_184499_TEHRI4_400_8
205,1,GEN_184540_RATLE_400_1
205,1,GEN_184540_RATLE_400_2
205,1,GEN_184540_RATLE_400_3
250,1,GEN_184540_RATLE_400_4
30,1,GEN_184540_RATLE_400_5
200,1,GEN_184542_PAKALDUL_400_1
200,1,GEN_184542_PAKALDUL_400_2
200,1,GEN_184542_PAKALDUL_400_3
200,1,GEN_184542_PAKALDUL_400_4
200,1,GEN_184542_PAKALDUL_400_5
22,1,GEN_184572_TANGU-ROMAI1_400_1
22,1,GEN_184572_TANGU-ROMAI1_400_2
60,1,GEN_184579_MIYAR_400_1
60,1,GEN_184579_MIYAR_400_2
250,1,GEN_184903_NATHPA4_400_1
250,1,GEN_184903_NATHPA4_400_2
250,1,GEN_184903_NATHPA4_400_3
250,1,GEN_184903_NATHPA4_400_4
250,1,GEN_184903_NATHPA4_400_5
250,1,GEN_184903_NATHPA4_400_6
200,1,GEN_184923_SINGRL4_400_1
200,1,GEN_184923_SINGRL4_400_2
200,1,GEN_184923_SINGRL4_400_3
200,1,GEN_184923_SINGRL4_400_4
200,1,GEN_184923_SINGRL4_400_5
500,1,GEN_184923_SINGRL4_400_6
500,1,GEN_184923_SINGRL4_400_7
350,0,GEN_184927_GORAKHPU_400_1
350,0,GEN_184927_GORAKHPU_400_2
108,1,GEN_186015_BHAKRA-L_66_1
108,1,GEN_186015_BHAKRA-L_66_2
11.25,1,GEN_191123_DHAKRANI_132_1
11.25,1,GEN_191123_DHAKRANI_132_2
11.25,1,GEN_191123_DHAKRANI_132_3
13.8,1,GEN_191137_KHATIMAH_132_1
13.8,1,GEN_191137_KHATIMAH_132_2
13.8,1,GEN_191137_KHATIMAH_132_3
66,1,GEN_191191_KALAGARH_132_1
66,1,GEN_191191_KALAGARH_132_2
66,0,GEN_191191_KALAGARH_132_3
36,1,GEN_191195_CHILLA-H_132_1
36,1,GEN_191195_CHILLA-H_132_2
36,1,GEN_191195_CHILLA-H_132_3
36,1,GEN_191195_CHILLA-H_132_4
10,1,GEN_191197_KULHALHE_132_1
10,1,GEN_191197_KULHALHE_132_2
10,1,GEN_191197_KULHALHE_132_3
17,1,GEN_191903_DHALIPUR_132_1
17,1,GEN_191903_DHALIPUR_132_2
17,1,GEN_191903_DHALIPUR_132_3
330,0,GEN_192050_JOSHIMATH_220_1
330,1,GEN_192051_ALAKNANDA_220_1
195,1,GEN_192053_KOTLIBHEL_220_1
57,1,GEN_192055_LATATAPOVAN_220_1
57,1,GEN_192055_LATATAPOVAN_220_2
57,1,GEN_192055_LATATAPOVAN_220_3
225,1,GEN_192056_GAMA_220_1
225,1,GEN_192057_BETA_220_1
99,1,GEN_192058_SBHATWARI_220_1
38,1,GEN_192059_PHATABYUNG_220_1
38,1,GEN_192059_PHATABYUNG_220_2
8,0,GEN_192253_BHILANGA_220_1
8,0,GEN_192253_BHILANGA_220_2
8,0,GEN_192253_BHILANGA_220_3
75,0,GEN_192292_SHRAVANT_220_1
75,0,GEN_192292_SHRAVANT_220_2
75,0,GEN_192292_SHRAVANT_220_3
76,1,GEN_192298_MANERI_2_220_1
76,1,GEN_192298_MANERI_2_220_2
76,1,GEN_192298_MANERI_2_220_3
76,1,GEN_192298_MANERI_2_220_4
60,1,GEN_192299_CHIBRO-H_220_1
60,1,GEN_192299_CHIBRO-H_220_2
60,1,GEN_192299_CHIBRO-H_220_3
60,1,GEN_192299_CHIBRO-H_220_4
30,1,GEN_192600_MANERI_1_220_1
30,1,GEN_192600_MANERI_1_220_2
30,1,GEN_192600_MANERI_1_220_3
30,1,GEN_192902_KHODRIHE_220_1
30,1,GEN_192902_KHODRIHE_220_2
30,1,GEN_192902_KHODRIHE_220_3
30,1,GEN_192902_KHODRIHE_220_4
130,1,GEN_194056_TPVNVISHNUGD_400_1
130,1,GEN_194056_TPVNVISHNUGD_400_2
130,1,GEN_194056_TPVNVISHNUGD_400_3
130,1,GEN_194056_TPVNVISHNUGD_400_4
111,1,GEN_194057_PIPALKOTI_400_1
111,1,GEN_194057_PIPALKOTI_400_2
111,1,GEN_194057_PIPALKOTI_400_3
111,1,GEN_194057_PIPALKOTI_400_4
150,0,GEN_194060_SRAVANTHI_400_1
150,0,GEN_194060_SRAVANTHI_400_2
150,0,GEN_194060_SRAVANTHI_400_3
82.5,1,GEN_194410_SRINAGAR-HEP_400_1
82.5,1,GEN_194410_SRINAGAR-HEP_400_2
82.5,1,GEN_194410_SRINAGAR-HEP_400_3
82.5,1,GEN_194410_SRINAGAR-HEP_400_4
25,1,GEN_211145_KHANDONG1_132_1
25,1,GEN_211145_KHANDONG1_132_2
5.3,0,GEN_211350_PAILAPOL1_132_1
5.3,0,GEN_211350_PAILAPOL1_132_2
4.1,0,GEN_211370_DULLAVCH1_132_1
4.1,0,GEN_211370_DULLAVCH1_132_2
15,0,GEN_211450_LTPS1_132_1
15,0,GEN_211450_LTPS1_132_2
15,1,GEN_211450_LTPS1_132_3
15,1,GEN_211450_LTPS1_132_4
20,1,GEN_211450_LTPS1_132_5
20,1,GEN_211450_LTPS1_132_6
20,1,GEN_211450_LTPS1_132_7
37.5,1,GEN_211450_LTPS1_132_8
20,1,GEN_211460_NTPS1_132_1
21,1,GEN_211460_NTPS1_132_2
21,1,GEN_211460_NTPS1_132_3
15,1,GEN_211460_NTPS1_132_4
24,1,GEN_211460_NTPS1_132_5
22,1,GEN_211460_NTPS1_132_6
33.5,1,GEN_212001_AGBPP2-AS_220_1
33.5,1,GEN_212001_AGBPP2-AS_220_2
33.5,1,GEN_212001_AGBPP2-AS_220_3
33.5,1,GEN_212001_AGBPP2-AS_220_4
33.5,1,GEN_212001_AGBPP2-AS_220_5
33.5,1,GEN_212001_AGBPP2-AS_220_6
30,1,GEN_212001_AGBPP2-AS_220_7
30,1,GEN_212001_AGBPP2-AS_220_8
30,1,GEN_212001_AGBPP2-AS_220_9
22,1,GEN_212096_ADISHANKAR_220_1
22,1,GEN_212096_ADISHANKAR_220_2
22,1,GEN_212096_ADISHANKAR_220_3
60,1,GEN_212097_KSKDIBBIN_220_1
60,1,GEN_212097_KSKDIBBIN_220_2
60,1,GEN_212098_SEWNAFRA_220_1
60,1,GEN_212098_SEWNAFRA_220_2
72,1,GEN_212099_PATELHYDRO_220_1
72,1,GEN_212099_PATELHYDRO_220_2
22.5,0,GEN_212099_PATELHYDRO_220_4
22.5,0,GEN_212099_PATELHYDRO_220_5
55,1,GEN_212150_KOPILI2_220_1
55,1,GEN_212150_KOPILI2_220_2
55,1,GEN_212150_KOPILI2_220_3
55,1,GEN_212150_KOPILI2_220_4
50,1,GEN_212440_LANGPI1_220_1
50,1,GEN_212440_LANGPI1_220_2
250,1,GEN_214051_BTPS4_400_1
250,1,GEN_214051_BTPS4_400_2
250,1,GEN_214051_BTPS4_400_3
300,0,GEN_214413_KALAI-II_400_1
300,0,GEN_214413_KALAI-II_400_2
300,0,GEN_214413_KALAI-II_400_3
300,0,GEN_214413_KALAI-II_400_4
55,1,GEN_221150_PARE_132_1
55,1,GEN_221150_PARE_132_2
135,1,GEN_221460_RANGNADI1_132_1
135,1,GEN_221460_RANGNADI1_132_2
135,1,GEN_221460_RANGNADI1_132_3
200,1,GEN_224002_TAWANG-I_400_1
200,1,GEN_224002_TAWANG-I_400_2
200,1,GEN_224002_TAWANG-I_400_3
200,1,GEN_224003_TAWANG-II_400_1
200,1,GEN_224003_TAWANG-II_400_2
200,1,GEN_224003_TAWANG-II_400_3
200,1,GEN_224003_TAWANG-II_400_4
130,1,GEN_224004_NYAMJUNGCHU_400_1
130,1,GEN_224004_NYAMJUNGCHU_400_2
130,1,GEN_224004_NYAMJUNGCHU_400_3
130,1,GEN_224004_NYAMJUNGCHU_400_4
130,1,GEN_224004_NYAMJUNGCHU_400_5
130,1,GEN_224004_NYAMJUNGCHU_400_6
150,1,GEN_224323_KAMENG_400_1
150,1,GEN_224323_KAMENG_400_2
150,1,GEN_224323_KAMENG_400_3
150,1,GEN_224323_KAMENG_400_4
250,1,GEN_224325_L-SUBANSRI_400_1
250,1,GEN_224325_L-SUBANSRI_400_2
250,1,GEN_224325_L-SUBANSRI_400_3
250,1,GEN_224325_L-SUBANSRI_400_4
250,1,GEN_224325_L-SUBANSRI_400_5
250,1,GEN_224325_L-SUBANSRI_400_6
250,1,GEN_224325_L-SUBANSRI_400_7
250,1,GEN_224325_L-SUBANSRI_400_8
175,1,GEN_224412_TATO-II_400_1
175,1,GEN_224412_TATO-II_400_2
175,1,GEN_224412_TATO-II_400_3
175,1,GEN_224412_TATO-II_400_4
350,1,GEN_224414_ATHENADEMWE_400_1
350,1,GEN_224414_ATHENADEMWE_400_2
350,0,GEN_224414_ATHENADEMWE_400_3
350,0,GEN_224414_ATHENADEMWE_400_4
350,0,GEN_224414_ATHENADEMWE_400_5
40,1,GEN_224414_ATHENADEMWE_400_6
75,1,GEN_224415_GMRLONDA_400_1
75,1,GEN_224415_GMRLONDA_400_2
75,1,GEN_224415_GMRLONDA_400_3
2.8,1,GEN_231000_UMTRU1_132_1
2.8,1,GEN_231000_UMTRU1_132_2
2.8,1,GEN_231000_UMTRU1_132_3
2.8,1,GEN_231000_UMTRU1_132_4
9,1,GEN_231010_UMIAM1-1_132_1
9,1,GEN_231010_UMIAM1-1_132_2
9,1,GEN_231010_UMIAM1-1_132_3
9,1,GEN_231010_UMIAM1-1_132_4
10,1,GEN_231020_UMIAM2-1_132_1
10,1,GEN_231020_UMIAM2-1_132_2
30,1,GEN_231030_UMIAM3-1_132_1
30,1,GEN_231030_UMIAM3-1_132_2
30,1,GEN_231040_UMIAM4-1_132_1
30,1,GEN_231040_UMIAM4-1_132_2
12,1,GEN_231111_GANOL_132_1
12,1,GEN_231111_GANOL_132_2
30,0,GEN_231150_ADHUNIK1_132_1
42,1,GEN_231280_LESHKA1_132_1
42,1,GEN_231280_LESHKA1_132_2
42,1,GEN_231280_LESHKA1_132_3
8,0,GEN_231410_MPL_132_1
45.35,0,GEN_231410_MPL_132_2
25,1,GEN_241510_DOYANG1_132_1
25,1,GEN_241510_DOYANG1_132_2
25,1,GEN_241510_DOYANG1_132_3
62,1,GEN_242011_DIKHUHYDEL_220_1
62,1,GEN_242011_DIKHUHYDEL_220_2
62,1,GEN_242011_DIKHUHYDEL_220_3
7.5,1,GEN_246100_LIKIMARO1_66_1
7.5,1,GEN_246100_LIKIMARO1_66_2
7.5,1,GEN_246100_LIKIMARO1_66_3
35,1,GEN_251080_LOKTAK1_132_1
35,1,GEN_251080_LOKTAK1_132_2
35,1,GEN_251080_LOKTAK1_132_3
4,1,GEN_261020_KOLASIB1_132_1
4,1,GEN_261020_KOLASIB1_132_2
4,1,GEN_261020_KOLASIB1_132_3
20,0,GEN_261021_TUIRIAL_132_1
20,1,GEN_261021_TUIRIAL_132_2
20,1,GEN_261021_TUIRIAL_132_3
2,0,GEN_261080_BAIRABI1_132_1
230,1,GEN_264001_KOLODYNE-ST2_400_1
230,1,GEN_264001_KOLODYNE-ST2_400_2
4,0,GEN_271080_TELIMURA1_132_1
4,0,GEN_271080_TELIMURA1_132_2
4,0,GEN_271080_TELIMURA1_132_3
21,1,GEN_271120_AGTPP1_132_1
21,1,GEN_271120_AGTPP1_132_2
21,1,GEN_271120_AGTPP1_132_3
21,1,GEN_271120_AGTPP1_132_4
21,1,GEN_271120_AGTPP1_132_5
21,1,GEN_271120_AGTPP1_132_6
21,1,GEN_271340_ROKHIA1_132_1
21,1,GEN_271340_ROKHIA1_132_2
8,1,GEN_271340_ROKHIA1_132_3
8,1,GEN_271340_ROKHIA1_132_4
8,1,GEN_271340_ROKHIA1_132_5
8,1,GEN_271340_ROKHIA1_132_6
101,1,GEN_271600_MONARCHAK1_132_1
363,1,GEN_274080_PALATAN4_400_1
363,1,GEN_274080_PALATAN4_400_2
10.5,1,GEN_276360_ROKHIA6_66_1
10.5,1,GEN_276360_ROKHIA6_66_2
4,0,GEN_276400_GUMTI6_66_1
4,0,GEN_276400_GUMTI6_66_2
4,0,GEN_276400_GUMTI6_66_3
21,1,GEN_276430_BARAMRA6_66_1
21,1,GEN_276430_BARAMRA6_66_2
16.5,1,GEN_276430_BARAMRA6_66_3
84,1,GEN_280001_CHUKHA_13.8_1
84,1,GEN_280001_CHUKHA_13.8_2
84,1,GEN_280001_CHUKHA_13.8_3
84,1,GEN_280001_CHUKHA_13.8_4
15,1,GEN_281104_KURICHU1_132_1
15,1,GEN_281104_KURICHU1_132_2
15,1,GEN_281104_KURICHU1_132_3
15,1,GEN_281104_KURICHU1_132_4
180,0,GEN_282007_BUNAKHA_220_1
63,0,GEN_282205_DAGACHU2_220_1
63,0,GEN_282205_DAGACHU2_220_2
20,0,GEN_282206_RURICHU2_220_1
20,0,GEN_282206_RURICHU2_220_2
200,1,GEN_284002_PUNATSANC1&2_400_1
200,1,GEN_284002_PUNATSANC1&2_400_10
200,1,GEN_284002_PUNATSANC1&2_400_11
200,1,GEN_284002_PUNATSANC1&2_400_2
200,1,GEN_284002_PUNATSANC1&2_400_3
200,1,GEN_284002_PUNATSANC1&2_400_4
200,1,GEN_284002_PUNATSANC1&2_400_5
200,1,GEN_284002_PUNATSANC1&2_400_6
200,1,GEN_284002_PUNATSANC1&2_400_7
200,1,GEN_284002_PUNATSANC1&2_400_8
200,1,GEN_284002_PUNATSANC1&2_400_9
570,0,GEN_284003_WANGCHU_400_1
180,1,GEN_284008_MANGDECHU_400_1
180,1,GEN_284008_MANGDECHU_400_2
180,1,GEN_284008_MANGDECHU_400_3
180,1,GEN_284008_MANGDECHU_400_4
192.5,0,GEN_284012_CHAMKARCHU-1_400_1
192.5,0,GEN_284012_CHAMKARCHU-1_400_2
192.5,0,GEN_284012_CHAMKARCHU-1_400_3
192.5,0,GEN_284012_CHAMKARCHU-1_400_4
150,0,GEN_284013_KHOLONGCHU_400_1
150,0,GEN_284013_KHOLONGCHU_400_2
150,0,GEN_284013_KHOLONGCHU_400_3
150,0,GEN_284013_KHOLONGCHU_400_4
12,0,GEN_286607_BASACHU66_66_1
12,0,GEN_286607_BASACHU66_66_2
40,1,GEN_311004_HASDE1_132_1
40,1,GEN_311004_HASDE1_132_2
40,1,GEN_311004_HASDE1_132_3
24,0,GEN_311012_RAIGARH_132_1
15,0,GEN_311012_RAIGARH_132_2
14,0,GEN_311014_SILTARA_132_1
15,0,GEN_311034_KVK_132_1
50,0,GEN_311035_ARASMETA_132_1
90,0,GEN_311041_MONNET_R_132_1
16,0,GEN_311044_BAGRANG_132_1
10.8,0,GEN_311057_MAHA-CL_132_1
85,0,GEN_311084_SKS_132_1
25,0,GEN_311085_JAGDMBA_132_1
55,0,GEN_311086_GODVRI-P_132_1
41,0,GEN_311087_VANDANA_132_1
18,0,GEN_311088_NAKODA_132_1
62,0,GEN_311089_SHARD-EN_132_1
20,0,GEN_311092_HIRA-PL_132_1
8,0,GEN_311092_HIRA-PL_132_2
20,0,GEN_311092_HIRA-PL_132_3
26,0,GEN_311093_BAJRNG-P_132_1
30,0,GEN_311095_ARYAN-CL_132_1
30,0,GEN_311096_CSPL_132_1
65,0,GEN_311097_PIL_132_1
24,0,GEN_311103_MSP-STL_132_1
12,0,GEN_311105_RL-I-LTD_132_1
52,0,GEN_311113_MONNET-M_132_1
70,0,GEN_311114_SALASAR_132_1
50,1,GEN_311115_SPECTRUM-CL_132_1
50,1,GEN_311115_SPECTRUM-CL_132_2
50,1,GEN_312001_KORBE2_220_1
50,1,GEN_312001_KORBE2_220_2
50,1,GEN_312001_KORBE2_220_3
50,1,GEN_312001_KORBE2_220_4
120,1,GEN_312001_KORBE2_220_5
120,1,GEN_312001_KORBE2_220_6
210,1,GEN_312003_KORBW2_220_1
210,1,GEN_312003_KORBW2_220_2
30,0,GEN_312011_SILTARA_220_1
250,1,GEN_312013_JINB2-2_220_4
250,1,GEN_312014_KORBAEXT_220_1
250,1,GEN_312014_KORBAEXT_220_2
30,1,GEN_312018_ARYN_CBL_132_1
30,1,GEN_312018_ARYN_CBL_132_2
67.5,0,GEN_312019_BALCO2_220_1
67.5,0,GEN_312019_BALCO2_220_2
135,0,GEN_312019_BALCO2_220_3
135,0,GEN_312019_BALCO2_220_4
67.5,0,GEN_312019_BALCO2_220_5
67.5,0,GEN_312019_BALCO2_220_6
135,0,GEN_312019_BALCO2_220_7
135,0,GEN_312019_BALCO2_220_8
374,1,GEN_312020_JSPCL2_220_1
270,0,GEN_312032_BALCO_220_1
135,0,GEN_312035_DCPP_JS_220_1
135,0,GEN_312035_DCPP_JS_220_2
135,1,GEN_312036_DCPP_JS_220_1
135,0,GEN_312036_DCPP_JS_220_2
200,1,GEN_314001_KNTPC4_400_1
200,1,GEN_314001_KNTPC4_400_2
200,1,GEN_314001_KNTPC4_400_3
500,1,GEN_314001_KNTPC4_400_4
500,1,GEN_314001_KNTPC4_400_5
500,1,GEN_314001_KNTPC4_400_6
500,1,GEN_314001_KNTPC4_400_7
210,1,GEN_314003_KORBW4_400_3
210,1,GEN_314003_KORBW4_400_4
500,1,GEN_314003_KORBW4_400_5
250,1,GEN_314007_NSPCL4_400_1
250,1,GEN_314007_NSPCL4_400_2
600,1,GEN_314009_KSKMAHNADI_400_1
600,1,GEN_314009_KSKMAHNADI_400_2
600,1,GEN_314009_KSKMAHNADI_400_3
600,1,GEN_314009_KSKMAHNADI_400_4
600,1,GEN_314009_KSKMAHNADI_400_5
600,1,GEN_314009_KSKMAHNADI_400_6
300,1,GEN_314010_PATH4_400_1
300,1,GEN_314010_PATH4_400_2
300,1,GEN_314012_MCCPL_400_1
250,1,GEN_314014_JIN4-B1_400_1
250,1,GEN_314014_JIN4-B1_400_2
250,1,GEN_314014_JIN4-B1_400_3
135,1,GEN_314018_ARYN_CBL_400_1
135,1,GEN_314018_ARYN_CBL_400_2
300,1,GEN_314019_BALCO_400_1
300,1,GEN_314019_BALCO_400_2
300,1,GEN_314019_BALCO_400_3
300,1,GEN_314019_BALCO_400_4
135,1,GEN_314020_VANDANA_400_1
135,1,GEN_314020_VANDANA_400_2
270,1,GEN_314020_VANDANA_400_3
500,1,GEN_314022_MARWA_400_1
500,1,GEN_314022_MARWA_400_2
600,1,GEN_314023_KWPCL_400_1
600,0,GEN_314023_KWPCL_400_2
600,1,GEN_314026_DBPOWER_400_1
600,1,GEN_314026_DBPOWER_400_2
600,1,GEN_314027_JPL_EXTN_400_1
600,1,GEN_314027_JPL_EXTN_400_2
600,1,GEN_314027_JPL_EXTN_400_3
600,1,GEN_314027_JPL_EXTN_400_4
350,0,GEN_314034_DHEERUPOWER_400_1
350,0,GEN_314034_DHEERUPOWER_400_2
350,0,GEN_314034_DHEERUPOWER_400_3
360,1,GEN_314039_RKM_400_1
360,1,GEN_314039_RKM_400_2
360,1,GEN_314039_RKM_400_3
360,1,GEN_314039_RKM_400_4
600,1,GEN_314040_ATHENA_400_1
600,1,GEN_314040_ATHENA_400_2
300,1,GEN_314041_SKS_400_1
300,1,GEN_314041_SKS_400_2
300,1,GEN_314041_SKS_400_3
300,1,GEN_314041_SKS_400_4
600,1,GEN_314042_VISAPOWER_400_1
600,1,GEN_314042_VISAPOWER_400_2
660,1,GEN_314043_LANCO-AMARKA_400_1
660,1,GEN_314043_LANCO-AMARKA_400_2
685,1,GEN_314044_GMR_400_1
685,1,GEN_314044_GMR_400_2
800,1,GEN_314045_LARASTPP_400_1
800,1,GEN_314045_LARASTPP_400_2
350,1,GEN_314046_SARDAENERGY_400_1
660,1,GEN_314047_KPCL_400_1
660,1,GEN_314047_KPCL_400_2
300,1,GEN_314099_TRNENERGY_400_1
300,1,GEN_314099_TRNENERGY_400_2
660,1,GEN_318007_SIPAT7_765_1
660,1,GEN_318007_SIPAT7_765_2
660,1,GEN_318007_SIPAT7_765_3
500,1,GEN_318007_SIPAT7_765_4
500,1,GEN_318007_SIPAT7_765_5
100,1,GEN_351002_WANKN1_132_W1
264,1,GEN_351004_BHATI1_132_V1
210,1,GEN_351004_BHATI1_132_W1
65,1,GEN_351005_GONDL1_132_W1
26,1,GEN_351006_PALIAD_132_V1
70,1,GEN_351006_PALIAD_132_W1
67.85,1,GEN_351008_DHUV1_132_G1
38.76,1,GEN_351008_DHUV1_132_G2
72.51,1,GEN_351008_DHUV1_132_G3
39.94,1,GEN_351008_DHUV1_132_G4
376,1,GEN_351008_DHUV1_132_G5
120,1,GEN_351015_SIKKA1_132_1
120,1,GEN_351015_SIKKA1_132_2
250,1,GEN_351015_SIKKA1_132_3
250,1,GEN_351015_SIKKA1_132_4
33,0,GEN_351023_AECOM1_132_C
33,0,GEN_351023_AECOM1_132_D
33,0,GEN_351023_AECOM1_132_E
110,0,GEN_351023_AECOM1_132_F
110,0,GEN_351023_AECOM1_132_G1
110,0,GEN_351023_AECOM1_132_G2
105,0,GEN_351023_AECOM1_132_G3
35,1,GEN_351024_GIPCL1_132_G1
35,1,GEN_351024_GIPCL1_132_G2
35,1,GEN_351024_GIPCL1_132_G3
49,1,GEN_351024_GIPCL1_132_G4
106,1,GEN_351024_GIPCL1_132_G5
54,1,GEN_351024_GIPCL1_132_G6
55,1,GEN_351025_JASDAN_132_V1
227,1,GEN_351025_JASDAN_132_W1
40,1,GEN_351067_KHAMBALI_132_W1
180,1,GEN_351068_ENERCON_132_W1
130,0,GEN_351076_VARSHMED_132_W1
125,1,GEN_351084_BHOMIYAVADAR_132_W1
138,1,GEN_352002_GANCS2_220_G1
138,1,GEN_352002_GANCS2_220_G2
138,1,GEN_352002_GANCS2_220_G3
241,1,GEN_352002_GANCS2_220_GT
210,1,GEN_352004_WANAK2_220_1
210,1,GEN_352004_WANAK2_220_2
210,1,GEN_352004_WANAK2_220_3
120,1,GEN_352007_UKAIT2_220_1
120,1,GEN_352007_UKAIT2_220_2
210,1,GEN_352007_UKAIT2_220_3
200,1,GEN_352007_UKAIT2_220_4
200,1,GEN_352007_UKAIT2_220_5
138,1,GEN_352009_GPEC2_220_G1
138,1,GEN_352009_GPEC2_220_G2
138,1,GEN_352009_GPEC2_220_G3
241,1,GEN_352009_GPEC2_220_GT
50,1,GEN_352011_SSP2_220_1
50,1,GEN_352011_SSP2_220_2
50,1,GEN_352011_SSP2_220_3
50,1,GEN_352011_SSP2_220_4
50,1,GEN_352011_SSP2_220_5
330,1,GEN_352015_MUNDRA2_220_1
330,1,GEN_352015_MUNDRA2_220_2
50,1,GEN_352016_ANJAR2_220_W1
75,1,GEN_352020_MEHSN2_220_S1
78,1,GEN_352020_MEHSN2_220_S2
120,1,GEN_352023_GANDHINGR_220_1
120,1,GEN_352023_GANDHINGR_220_2
210,1,GEN_352023_GANDHINGR_220_3
210,1,GEN_352023_GANDHINGR_220_4
210,1,GEN_352023_GANDHINGR_220_5
135,1,GEN_352026_CHATR2_220_S1
140,1,GEN_352026_CHATR2_220_S2
66,0,GEN_352028_RAJKOT2_220_V1
350,0,GEN_352028_RAJKOT2_220_W1
150,0,GEN_352030_RANVA2_220_W1
60,1,GEN_352038_KADANAHPS_220_1
60,1,GEN_352038_KADANAHPS_220_2
60,1,GEN_352038_KADANAHPS_220_3
60,1,GEN_352038_KADANAHPS_220_4
20,1,GEN_352040_KARAM2_220_S1
20,1,GEN_352040_KARAM2_220_S2
24,1,GEN_352042_KWANJ2_220_S1
24,1,GEN_352042_KWANJ2_220_S2
75,1,GEN_352045_UKAIH2_220_1
75,1,GEN_352045_UKAIH2_220_2
75,1,GEN_352045_UKAIH2_220_3
75,1,GEN_352045_UKAIH2_220_4
30,1,GEN_352046_UTRAN2_220_G1
30,1,GEN_352046_UTRAN2_220_G2
30,1,GEN_352046_UTRAN2_220_G3
45,1,GEN_352046_UTRAN2_220_G4
239,1,GEN_352046_UTRAN2_220_G5
153,1,GEN_352046_UTRAN2_220_G6
70,1,GEN_352053_KUTCHLIG_220_1
70,1,GEN_352053_KUTCHLIG_220_2
75,1,GEN_352053_KUTCHLIG_220_3
75,1,GEN_352053_KUTCHLIG_220_4
20,1,GEN_352054_DHANS2_220_W1
105,1,GEN_352060_ESSAR2_220_G1
105,1,GEN_352060_ESSAR2_220_G2
105,1,GEN_352060_ESSAR2_220_G3
200,1,GEN_352060_ESSAR2_220_GT
28,1,GEN_352062_THARAD_220_S1
30,1,GEN_352062_THARAD_220_S2
218,1,GEN_352062_THARAD_220_V1
75,0,GEN_352062_THARAD_220_W1
23,1,GEN_352069_NAKH2_220_S1
23,1,GEN_352069_NAKH2_220_S2
50,1,GEN_352069_NAKH2_220_W1
70,1,GEN_352069_NAKH2_220_W2
70,1,GEN_352070_NANI2_220_W1
132,1,GEN_352073_AKRIM_220_1
132,1,GEN_352073_AKRIM_220_2
106,1,GEN_352077_KAWAS2_220_G1
106,1,GEN_352077_KAWAS2_220_G2
106,1,GEN_352077_KAWAS2_220_G3
106,1,GEN_352077_KAWAS2_220_G4
116,1,GEN_352077_KAWAS2_220_G5
116,1,GEN_352077_KAWAS2_220_G6
220,1,GEN_352078_KAKRA2_220_1
220,1,GEN_352078_KAKRA2_220_2
50,1,GEN_352086_MORBI_220_V1
57,1,GEN_352088_GSEG_220_G1
57,1,GEN_352088_GSEG_220_G2
57,1,GEN_352088_GSEG_220_GT
34.65,1,GEN_352090_GACL_220_1
34.65,1,GEN_352090_GACL_220_2
32.55,1,GEN_352090_GACL_220_GT
28,1,GEN_352094_JAMNG2_220_S1
30,1,GEN_352094_JAMNG2_220_S2
125,1,GEN_352095_SURATLIGNIT_220_1
125,1,GEN_352095_SURATLIGNIT_220_2
125,1,GEN_352095_SURATLIGNIT_220_3
125,1,GEN_352095_SURATLIGNIT_220_4
132,1,GEN_352104_RADHANPR_220_V1
71,1,GEN_352109_SHIVLAKH_220_S1
75,1,GEN_352109_SHIVLAKH_220_S2
200,0,GEN_352109_SHIVLAKH_220_W1
187,0,GEN_352109_SHIVLAKH_220_W2
33,1,GEN_352113_DHASA_220_V1
198,1,GEN_352114_BOTAD_220_V1
80,0,GEN_352117_OTHA_220_W1
62,1,GEN_352121_SARDRGDH_220_S1
74,1,GEN_352121_SARDRGDH_220_S2
53,0,GEN_352121_SARDRGDH_220_W1
300,1,GEN_352123_SINDHOLI_220_W1
300,1,GEN_352124_SUTHARI_220_W1
200,1,GEN_352126_VASTAS_220_W1
105,1,GEN_352127_ESSARBHANDER_220_G1
105,1,GEN_352127_ESSARBHANDER_220_G2
105,1,GEN_352127_ESSARBHANDER_220_G3
200,1,GEN_352127_ESSARBHANDER_220_G4
145,1,GEN_352127_ESSARBHANDER_220_G5
465,1,GEN_352128_ENER-SAM_220_W1
350,1,GEN_352130_HAZR-EXT_220_GT
350,1,GEN_352131_PIPAVAV_220_1
300,1,GEN_352135_BHUJPOOL_220_V1
700,1,GEN_352136_BANASKANTHA_220_1
300,1,GEN_352137_OPGPOWER_220_1
66,1,GEN_352201_BHACHUNDA_220_V1
205,1,GEN_352201_BHACHUNDA_220_W1
210,1,GEN_354004_WANAK4_400_1
210,1,GEN_354004_WANAK4_400_2
210,1,GEN_354004_WANAK4_400_3
210,1,GEN_354004_WANAK4_400_4
800,1,GEN_354004_WANAK4_400_8
500,1,GEN_354007_UKAI4_400_6
200,1,GEN_354011_SSP4_400_1
200,1,GEN_354011_SSP4_400_2
200,1,GEN_354011_SSP4_400_3
200,1,GEN_354011_SSP4_400_4
200,1,GEN_354011_SSP4_400_5
200,1,GEN_354011_SSP4_400_6
382,1,GEN_354012_SUGEN4_400_G1
382,1,GEN_354012_SUGEN4_400_G2
382,1,GEN_354012_SUGEN4_400_G3
330,1,GEN_354015_MUNDRA4_400_3
330,1,GEN_354015_MUNDRA4_400_4
660,1,GEN_354015_MUNDRA4_400_5
660,1,GEN_354015_MUNDRA4_400_6
660,1,GEN_354015_MUNDRA4_400_7
660,1,GEN_354015_MUNDRA4_400_8
660,1,GEN_354015_MUNDRA4_400_9
800,1,GEN_354023_CGPL_400_1
800,1,GEN_354023_CGPL_400_2
800,1,GEN_354023_CGPL_400_3
800,1,GEN_354023_CGPL_400_4
800,1,GEN_354023_CGPL_400_5
630,1,GEN_354026_VADINAR_400_1
630,1,GEN_354026_VADINAR_400_2
383,1,GEN_354032_SUGEN-UN_400_G1
400,1,GEN_354033_DGEN_400_1
400,1,GEN_354033_DGEN_400_2
400,1,GEN_354033_DGEN_400_3
660,0,GEN_354038_EPGLPH2_400_1
660,0,GEN_354038_EPGLPH2_400_2
700,1,GEN_354078_KAKRAPARAPP_400_1
700,1,GEN_354078_KAKRAPARAPP_400_2
500,0,GEN_354135_BHUJPOOL_400_SF
1000,0,GEN_354135_BHUJPOOL_400_WF
1500,0,GEN_354136_BANASKANTHA_400_SF
250,1,GEN_354140_CHARANKASOL_400_2
250,0,GEN_354140_CHARANKASOL_400_S
23,1,GEN_361002_GSAGA1_132_1
23,1,GEN_361002_GSAGA1_132_2
23,1,GEN_361002_GSAGA1_132_3
23,1,GEN_361002_GSAGA1_132_4
23,1,GEN_361002_GSAGA1_132_5
88,1,GEN_361007_PENCH1_132_1
88,1,GEN_361007_PENCH1_132_2
49.5,1,GEN_361028_BARGI1_132_1
49.5,1,GEN_361028_BARGI1_132_2
30,0,GEN_361029_AMK132_132_1
35,0,GEN_361029_AMK132_132_2
16.5,1,GEN_361033_RAJGHAT_132_1
16.5,1,GEN_361033_RAJGHAT_132_2
16.5,1,GEN_361033_RAJGHAT_132_3
20,1,GEN_361112_CHAPDA_132_1
22,0,GEN_361146_MADIKHED_132_1
22,1,GEN_361146_MADIKHED_132_2
250,0,GEN_361163_MANDSOUR_132_SF
16.5,1,GEN_361177_BANSGR-2_132_1
16.5,1,GEN_361177_BANSGR-2_132_2
250,0,GEN_361192_SHAJAPUR_132_SF
22,1,GEN_361199_BANSGR-3_132_1
22,1,GEN_361199_BANSGR-3_132_2
22,1,GEN_361199_BANSGR-3_132_3
11,1,GEN_361201_BANSGR-4_132_1
11,1,GEN_361201_BANSGR-4_132_2
49.5,1,GEN_361227_BLA-TPS_132_1
49.5,1,GEN_361227_BLA-TPS_132_2
220,1,GEN_362003_SAT2_220_6
220,1,GEN_362003_SAT2_220_7
210,1,GEN_362017_BIRST2_220_1
210,1,GEN_362017_BIRST2_220_2
210,1,GEN_362017_BIRST2_220_3
210,1,GEN_362017_BIRST2_220_4
500,1,GEN_362017_BIRST2_220_5
120,1,GEN_362026_AMARK2_220_1
120,1,GEN_362026_AMARK2_220_2
210,1,GEN_362026_AMARK2_220_3
115,1,GEN_362028_BANSG-I_220_1
115,1,GEN_362028_BANSG-I_220_2
115,1,GEN_362028_BANSG-I_220_3
65,1,GEN_362046_OMKSR_220_1
65,1,GEN_362046_OMKSR_220_2
65,1,GEN_362046_OMKSR_220_3
65,1,GEN_362046_OMKSR_220_4
65,1,GEN_362046_OMKSR_220_5
65,1,GEN_362046_OMKSR_220_6
65,1,GEN_362046_OMKSR_220_7
65,1,GEN_362046_OMKSR_220_8
22,1,GEN_362067_BIRSNG-H_220_1
250,1,GEN_362085_AGAR_220_S1
250,1,GEN_362086_NEEMUCH_220_S1
180,1,GEN_362148_SEISUNSHINE_220_S
210,1,GEN_364003_SATPU4_400_10
210,1,GEN_364003_SATPU4_400_11
210,1,GEN_364003_SATPU4_400_8
210,1,GEN_364003_SATPU4_400_9
125,1,GEN_364006_INDSGR4_400_1
125,1,GEN_364006_INDSGR4_400_2
125,1,GEN_364006_INDSGR4_400_3
125,1,GEN_364006_INDSGR4_400_4
125,1,GEN_364006_INDSGR4_400_5
125,1,GEN_364006_INDSGR4_400_6
125,1,GEN_364006_INDSGR4_400_7
125,1,GEN_364006_INDSGR4_400_8
210,1,GEN_364008_VINDH_W4_400_1
500,1,GEN_364008_VINDH_W4_400_10
210,1,GEN_364008_VINDH_W4_400_2
210,1,GEN_364008_VINDH_W4_400_3
210,1,GEN_364008_VINDH_W4_400_4
210,1,GEN_364008_VINDH_W4_400_5
210,1,GEN_364008_VINDH_W4_400_6
500,1,GEN_364008_VINDH_W4_400_7
500,1,GEN_364008_VINDH_W4_400_8
500,1,GEN_364008_VINDH_W4_400_9
250,0,GEN_364015_RAJGARH_400_SF
500,1,GEN_364022_VINDH-IV-V_400_1
500,1,GEN_364022_VINDH-IV-V_400_2
500,1,GEN_364022_VINDH-IV-V_400_3
600,1,GEN_364027_MAHAN_400_1
600,1,GEN_364027_MAHAN_400_2
250,1,GEN_364028_JP-BINA_400_1
250,1,GEN_364028_JP-BINA_400_2
600,1,GEN_364030_MALWA_400_1
600,1,GEN_364030_MALWA_400_2
660,1,GEN_364033_NIGRI_400_1
660,1,GEN_364033_NIGRI_400_2
600,1,GEN_364034_ANUPPUR_400_1
600,1,GEN_364034_ANUPPUR_400_2
600,0,GEN_364036_ARYANMP_400_1
600,0,GEN_364036_ARYANMP_400_2
600,1,GEN_364038_JHABUAPOWER_400_1
600,1,GEN_364038_JHABUAPOWER_400_2
750,1,GEN_364083_REWAUMSPP_400_S
250,0,GEN_364084_MORENA_400_SF
660,1,GEN_368024_SASAN_765_1
660,1,GEN_368024_SASAN_765_2
660,1,GEN_368024_SASAN_765_3
660,1,GEN_368024_SASAN_765_4
660,1,GEN_368024_SASAN_765_5
660,1,GEN_368024_SASAN_765_6
800,1,GEN_368027_GADARWARAST_765_1
800,1,GEN_368027_GADARWARAST_765_2
660,1,GEN_368039_DWARKESH_400_1
660,1,GEN_368039_DWARKESH_400_2
660,1,GEN_368040_KHARGONE_400_1
660,1,GEN_368040_KHARGONE_400_2
210,1,GEN_371006_BHUSA1_132_2
210,1,GEN_371006_BHUSA1_132_3
57,1,GEN_371008_AHMED1_132_W1
50,1,GEN_371009_BABLE1_132_W1
75,1,GEN_371037_LONAND_132_W1
30,1,GEN_371048_RAJANGN_132_S1
80,1,GEN_371065_PAITHAN_132_W1
50,1,GEN_371068_SHIRALA_132_V1
90,1,GEN_371068_SHIRALA_132_W1
4.5,1,GEN_371085_KHAPRALE_132_1
6,1,GEN_371085_KHAPRALE_132_2
100,1,GEN_371085_KHAPRALE_132_W1
100,1,GEN_371089_PACHPATA_132_W1
100,1,GEN_371118_RAIMOH_132_V1
22,1,GEN_371119_BHANDHR_132_1
22,1,GEN_371119_BHANDHR_132_2
100,1,GEN_371121_SHEVGAON_132_V1
18,1,GEN_371155_DAUND_132_1
50,1,GEN_371156_SHRIGNDA_132_V1
50,1,GEN_371160_NANDURBR_132_W1
60,1,GEN_371165_VAITRAN_132_1
108,1,GEN_371192_KHANDKE_132_W1
40,1,GEN_371197_KHARDA_132_V1
50,1,GEN_371197_KHARDA_132_V2
100,0,GEN_371204_PATHARDI_132_W1
40,1,GEN_371210_PHALTAN_132_S1
60,1,GEN_371210_PHALTAN_132_W1
25,1,GEN_371211_WAI_132_W1
4.5,1,GEN_371212_VIR-HYDR_132_1
4.5,1,GEN_371212_VIR-HYDR_132_2
7.5,1,GEN_371215_ELDARI_132_1
7.5,1,GEN_371215_ELDARI_132_2
7.5,1,GEN_371215_ELDARI_132_3
50,1,GEN_371220_GANGAKHD_132_S1
75,1,GEN_371227_ASHTI_132_V1
16,1,GEN_371231_BHATGHAR_132_1
50,1,GEN_371237_CHAKUR_132_V1
50,1,GEN_371241_NALDURG_132_S1
50,1,GEN_371241_NALDURG_132_S2
20,1,GEN_371246_MUKHED_132_1
100,1,GEN_371253_MANMAD_132_V1
8,0,GEN_371272_VARASGN_132_1
30,1,GEN_371276_BAMBAWADE_132_V1
50,1,GEN_371276_BAMBAWADE_132_W1
15,0,GEN_371277_MANDRUP_132_1
57,1,GEN_371279_SUPA_132_W1
8,1,GEN_371286_PANSHET_132_1
12,1,GEN_371289_UJANI-HY_132_1
75,1,GEN_371296_KARAD_132_V1
12,1,GEN_371306_BHIPU1_100_1
12,1,GEN_371306_BHIPU1_100_2
12,1,GEN_371306_BHIPU1_100_3
12,1,GEN_371306_BHIPU1_100_4
24,1,GEN_371306_BHIPU1_100_5
24,1,GEN_371306_BHIPU1_100_6
12,1,GEN_371311_KHOPO1_100_1
12,1,GEN_371311_KHOPO1_100_2
12,1,GEN_371311_KHOPO1_100_3
12,1,GEN_371311_KHOPO1_100_4
12,1,GEN_371311_KHOPO1_100_5
12,1,GEN_371311_KHOPO1_100_6
12,1,GEN_371311_KHOPO1_100_7
12,1,GEN_371311_KHOPO1_100_8
100,1,GEN_371401_SAKRI_132_W1
80,1,GEN_371402_RAJPIMPARI_132_W1
200,1,GEN_371403_SANGOLA_132_W1
75,1,GEN_371404_MAYANI_132_W1
50,1,GEN_371409_BAMBARWADI_132_W1
75,1,GEN_371412_CHAVANESHWAR_132_W1
75,1,GEN_372004_KARAD2_220_W1
100,1,GEN_372004_KARAD2_220_W2
30,1,GEN_372004_KARAD2_220_W3
210,1,GEN_372005_PARLI2_220_3
210,1,GEN_372005_PARLI2_220_4
210,1,GEN_372005_PARLI2_220_5
250,1,GEN_372005_PARLI2_220_6
250,1,GEN_372005_PARLI2_220_7
250,1,GEN_372005_PARLI2_220_8
210,1,GEN_372006_CHAND2_220_1
160,1,GEN_372007_TAPS2_220_1
160,1,GEN_372007_TAPS2_220_2
200,1,GEN_372009_KORAD2_220_5
250,1,GEN_372016_SHOLA2_220_V1
108,1,GEN_372024_URAN2_220_5
108,1,GEN_372024_URAN2_220_6
108,1,GEN_372024_URAN2_220_G1
108,1,GEN_372024_URAN2_220_G2
120,1,GEN_372024_URAN2_220_G3
120,1,GEN_372024_URAN2_220_G4
210,0,GEN_372026_BARAMATI_220_1
80,1,GEN_372034_KOY3-PEDAMBE_220_1
80,1,GEN_372034_KOY3-PEDAMBE_220_2
80,1,GEN_372034_KOY3-PEDAMBE_220_3
80,1,GEN_372034_KOY3-PEDAMBE_220_4
50,1,GEN_372039_AHMED2_220_V1
65,1,GEN_372040_KOY12-PHOPLI_220_1
65,1,GEN_372040_KOY12-PHOPLI_220_2
65,1,GEN_372040_KOY12-PHOPLI_220_3
65,1,GEN_372040_KOY12-PHOPLI_220_4
78,1,GEN_372040_KOY12-PHOPLI_220_5
78,1,GEN_372040_KOY12-PHOPLI_220_6
78,1,GEN_372040_KOY12-PHOPLI_220_7
78,1,GEN_372040_KOY12-PHOPLI_220_8
60,1,GEN_372043_TILLA2_220_1
40,0,GEN_372046_WARDH2_220_1
40,0,GEN_372046_WARDH2_220_2
60,0,GEN_372050_CHALI2_220_1
140,1,GEN_372051_NASIK2_220_1
140,1,GEN_372051_NASIK2_220_2
210,1,GEN_372051_NASIK2_220_3
210,1,GEN_372051_NASIK2_220_4
210,1,GEN_372051_NASIK2_220_5
500,1,GEN_372052_TROMB2_220_5
500,1,GEN_372052_TROMB2_220_6
150,1,GEN_372052_TROMB2_220_7
250,1,GEN_372052_TROMB2_220_8
180,1,GEN_372052_TROMB2_220_G1
210,1,GEN_372053_KKHED2_220_1
210,1,GEN_372053_KKHED2_220_2
210,1,GEN_372053_KKHED2_220_3
210,1,GEN_372053_KKHED2_220_4
100,1,GEN_372055_MIRAJ2_220_V1
200,1,GEN_372058_PANDHRPR_220_W1
100,1,GEN_372065_ALEPHAT_220_V1
100,1,GEN_372073_TILAWANI_220_V1
50,0,GEN_372076_MALHRPTH_220_W1
205,0,GEN_372077_WANKUSWD_220_W1
125,1,GEN_372078_MUMEWADI_220_V1
60,1,GEN_372084_BEED2_220_V1
100,1,GEN_372086_OSMANABD_220_S1
20,1,GEN_372088_KDPH22_220_1
20,1,GEN_372088_KDPH22_220_2
150,1,GEN_372089_BHIRA2_220_7
250,1,GEN_372090_DAHAN2_220_1
250,1,GEN_372090_DAHAN2_220_2
40,1,GEN_372105_BHIRA_220_1
40,1,GEN_372105_BHIRA_220_2
93,1,GEN_372110_VITA2_220_W1
250,1,GEN_372110_VITA2_220_W2
250,1,GEN_372111_PARAS_220_3
250,1,GEN_372111_PARAS_220_4
330,1,GEN_372115_JAMDE_220_W1
22,1,GEN_372126_BHIGWAN_220_1
24,0,GEN_372138_PURTY_220_1
231,1,GEN_372142_GHATNDAR_220_W1
125,1,GEN_372145_GHATGR_220_1
125,1,GEN_372145_GHATGR_220_2
100,1,GEN_372152_SAWANGI_220_V1
50,1,GEN_372159_NIGHDE_220_V1
100,1,GEN_372159_NIGHDE_220_W1
100,1,GEN_372160_WATHAR_220_V1
22,1,GEN_372170_PAWAS_220_1
15,1,GEN_372176_SUN-FLEG_220_1
15,1,GEN_372176_SUN-FLEG_220_2
30,1,GEN_372179_VALVE_220_V1
170,1,GEN_372179_VALVE_220_W1
255,1,GEN_372180_GANGAPUR_220_W1
50,0,GEN_372181_SATARA_220_W1
22,1,GEN_372184_INDORAM_220_1
200,1,GEN_372186_PARANDA_220_V1
100,1,GEN_372186_PARANDA_220_V2
63,0,GEN_372187_CHND-MDC_220_1
27,1,GEN_372188_MATRDEV_220_1
22,0,GEN_372190_FINOLEX_220_1
135,1,GEN_372195_KSK-WRDH_220_1
135,1,GEN_372195_KSK-WRDH_220_2
135,1,GEN_372195_KSK-WRDH_220_3
135,1,GEN_372195_KSK-WRDH_220_4
150,1,GEN_372196_BABLSWR2_220_V1
100,1,GEN_372196_BABLSWR2_220_W1
75,1,GEN_372198_HALKARNI_220_V1
300,0,GEN_372203_VIDARBHA_220_1
300,0,GEN_372203_VIDARBHA_220_2
62.5,1,GEN_372204_ABHI-NG_220_1
62.5,1,GEN_372204_ABHI-NG_220_2
62.5,0,GEN_372204_ABHI-NG_220_3
62.5,0,GEN_372204_ABHI-NG_220_4
50,1,GEN_372215_PHALTAN_220_S1
125,1,GEN_372301_ALKUD_220_V1
100,1,GEN_372301_ALKUD_220_V2
250,1,GEN_372402_JATH_220_V1
150,1,GEN_372402_JATH_220_W1
115,1,GEN_372402_JATH_220_W2
100,1,GEN_372403_KHANDAKE_220_W1
250,1,GEN_372404_HIWARWADI_220_W2
100,0,GEN_372405_PANAMA_220_W1
100,1,GEN_372406_RATNAGIRI_220_W1
25,1,GEN_372407_KADEGAON_220_W1
75,1,GEN_372408_TULJAPUR_220_S1
250,1,GEN_372410_BHUD_220_V1
210,1,GEN_374006_CHNDR4_400_2
210,1,GEN_374006_CHNDR4_400_3
210,1,GEN_374006_CHNDR4_400_4
500,1,GEN_374006_CHNDR4_400_5
500,1,GEN_374006_CHNDR4_400_6
500,1,GEN_374006_CHNDR4_400_7
210,1,GEN_374009_KORADI-I_400_1
210,1,GEN_374009_KORADI-I_400_2
540,1,GEN_374017_TAPS4_400_1
540,1,GEN_374017_TAPS4_400_2
300,1,GEN_374023_JAIGAD_400_1
300,1,GEN_374023_JAIGAD_400_2
300,1,GEN_374023_JAIGAD_400_3
300,1,GEN_374023_JAIGAD_400_4
640,1,GEN_374024_RGPPL_400_1
663.54,1,GEN_374024_RGPPL_400_2
663.54,1,GEN_374024_RGPPL_400_3
235,1,GEN_374024_RGPPL_400_4
250,1,GEN_374026_KOY4-4_400_1
250,1,GEN_374026_KOY4-4_400_2
250,1,GEN_374026_KOY4-4_400_3
250,1,GEN_374026_KOY4-4_400_4
500,1,GEN_374027_K-KHD-NEW_400_5
500,1,GEN_374030_BHUSAWAL-II_400_4
500,1,GEN_374030_BHUSAWAL-II_400_5
500,1,GEN_374031_MAUDA_400_1
500,1,GEN_374031_MAUDA_400_2
660,1,GEN_374031_MAUDA_400_3
660,1,GEN_374031_MAUDA_400_4
660,1,GEN_374032_TIRODA_400_1
660,1,GEN_374032_TIRODA_400_2
660,1,GEN_374032_TIRODA_400_3
300,1,GEN_374034_EMCO_400_1
300,1,GEN_374034_EMCO_400_2
270,1,GEN_374035_IEPL_400_1
270,1,GEN_374035_IEPL_400_2
270,1,GEN_374036_AMRAVATIIBL_400_1
270,1,GEN_374036_AMRAVATIIBL_400_10
270,1,GEN_374036_AMRAVATIIBL_400_2
270,1,GEN_374036_AMRAVATIIBL_400_3
270,1,GEN_374036_AMRAVATIIBL_400_4
270,1,GEN_374036_AMRAVATIIBL_400_5
270,1,GEN_374036_AMRAVATIIBL_400_6
270,1,GEN_374036_AMRAVATIIBL_400_7
270,1,GEN_374036_AMRAVATIIBL_400_8
270,1,GEN_374036_AMRAVATIIBL_400_9
500,1,GEN_374037_CHANDRPR-II_400_8
500,1,GEN_374037_CHANDRPR-II_400_9
660,1,GEN_374038_KORADI-II_400_10
660,1,GEN_374038_KORADI-II_400_8
660,1,GEN_374038_KORADI-II_400_9
300,1,GEN_374039_DHARIWAL_400_1
270,1,GEN_374055_SINNARTPP_400_1
270,1,GEN_374055_SINNARTPP_400_10
270,1,GEN_374055_SINNARTPP_400_2
270,1,GEN_374055_SINNARTPP_400_3
270,1,GEN_374055_SINNARTPP_400_4
270,1,GEN_374055_SINNARTPP_400_5
270,1,GEN_374055_SINNARTPP_400_6
270,1,GEN_374055_SINNARTPP_400_7
270,1,GEN_374055_SINNARTPP_400_8
270,1,GEN_374055_SINNARTPP_400_9
660,1,GEN_374090_SOLAPURSTPP_400_1
660,1,GEN_374090_SOLAPURSTPP_400_2
660,1,GEN_374092_LANCOVIDARB_400_1
660,1,GEN_374092_LANCOVIDARB_400_2
1740,1,GEN_374102_JAITAPURNPP_400_1
660,1,GEN_378032_TIRODA_765_1
660,1,GEN_378032_TIRODA_765_2
660,1,GEN_378057_BARETHI_765_1
660,1,GEN_378057_BARETHI_765_2
660,1,GEN_378057_BARETHI_765_3
660,1,GEN_378057_BARETHI_765_4
210,1,GEN_410001_KAHALG_15.75_1
210,1,GEN_410001_KAHALG_15.75_2
210,1,GEN_410001_KAHALG_15.75_3
210,1,GEN_410001_KAHALG_15.75_4
110,1,GEN_411001_KANTI_132_1
110,1,GEN_411001_KANTI_132_2
110,1,GEN_411025_BARAUNI_132_1
110,1,GEN_411025_BARAUNI_132_2
195,1,GEN_412001_KANTI_220_1
195,1,GEN_412001_KANTI_220_2
250,1,GEN_412025_BARAUNI_220_1
250,1,GEN_412025_BARAUNI_220_2
500,1,GEN_414010_KAHALGAON-B_400_1
500,1,GEN_414010_KAHALGAON-B_400_2
500,1,GEN_414010_KAHALGAON-B_400_3
500,1,GEN_414020_NABINAGAR-I_400_1
500,1,GEN_414020_NABINAGAR-I_400_2
660,1,GEN_414031_NABINAGAR-II_400_1
660,1,GEN_414031_NABINAGAR-II_400_2
660,1,GEN_414031_NABINAGAR-II_400_3
660,1,GEN_414052_BARH-I_400_1
660,1,GEN_414052_BARH-I_400_2
660,1,GEN_414052_BARH-I_400_3
660,0,GEN_414066_JAS_400_1
660,0,GEN_414066_JAS_400_2
660,0,GEN_414066_JAS_400_3
660,0,GEN_414066_JAS_400_4
660,0,GEN_414094_BUXAR_400_1
660,0,GEN_414094_BUXAR_400_2
660,0,GEN_414095_PIRPAINTI_400_1
660,0,GEN_414095_PIRPAINTI_400_2
660,1,GEN_414102_BARH-II_400_4
660,1,GEN_414102_BARH-II_400_5
500,1,GEN_420001_TALCHRG_21_1
500,1,GEN_420001_TALCHRG_21_2
500,1,GEN_420001_TALCHRG_21_3
500,1,GEN_420001_TALCHRG_21_4
500,1,GEN_420002_TALCHRG_21_5
500,1,GEN_420002_TALCHRG_21_6
170,1,GEN_420003_TALAG_15.75_1
170,1,GEN_420003_TALAG_15.75_2
170,1,GEN_420003_TALAG_15.75_3
170,1,GEN_420003_TALAG_15.75_4
170,1,GEN_420003_TALAG_15.75_5
170,1,GEN_420003_TALAG_15.75_6
62.5,0,GEN_421008_TALCHER-OD_132_1
62.5,0,GEN_421008_TALCHER-OD_132_2
62.5,0,GEN_421008_TALCHER-OD_132_3
62.5,0,GEN_421008_TALCHER-OD_132_4
32,1,GEN_421011_HIRAKD-BURLA_132_1
32,1,GEN_421011_HIRAKD-BURLA_132_2
49.5,1,GEN_421011_HIRAKD-BURLA_132_3
49.5,1,GEN_421011_HIRAKD-BURLA_132_4
37.5,1,GEN_421011_HIRAKD-BURLA_132_5
37.5,1,GEN_421011_HIRAKD-BURLA_132_6
37.5,1,GEN_421011_HIRAKD-BURLA_132_7
185,0,GEN_421516_RSP1_132_1
24,1,GEN_421521_CHIPLIMA_132_1
24,1,GEN_421521_CHIPLIMA_132_2
24,1,GEN_421521_CHIPLIMA_132_3
54,0,GEN_421535_ICCL1_132_1
54,0,GEN_421535_ICCL1_132_2
120,0,GEN_421602_HINDALCO_132_1
120,0,GEN_421602_HINDALCO_132_2
120,0,GEN_421602_HINDALCO_132_3
95,0,GEN_421603_NBVLBSSL_132_1
150,1,GEN_422001_INDRAVATI_220_1
150,1,GEN_422001_INDRAVATI_220_2
150,1,GEN_422001_INDRAVATI_220_3
150,1,GEN_422001_INDRAVATI_220_4
60,1,GEN_422002_BALIMELA_220_1
60,1,GEN_422002_BALIMELA_220_2
60,1,GEN_422002_BALIMELA_220_3
60,1,GEN_422002_BALIMELA_220_4
60,1,GEN_422002_BALIMELA_220_5
60,1,GEN_422002_BALIMELA_220_6
75,1,GEN_422002_BALIMELA_220_7
75,1,GEN_422002_BALIMELA_220_8
80,1,GEN_422003_UPKOLAB_220_1
80,1,GEN_422003_UPKOLAB_220_2
80,1,GEN_422003_UPKOLAB_220_3
80,1,GEN_422003_UPKOLAB_220_4
110,1,GEN_422008_TALCHER-OD_220_1
110,1,GEN_422008_TALCHER-OD_220_2
50,1,GEN_422010_RENGL-PS_220_1
50,1,GEN_422010_RENGL-PS_220_2
50,1,GEN_422010_RENGL-PS_220_3
50,1,GEN_422010_RENGL-PS_220_4
50,1,GEN_422010_RENGL-PS_220_5
210,1,GEN_422020_IBTPS2_220_1
210,1,GEN_422020_IBTPS2_220_2
120,0,GEN_422030_NALCO2_220_1
120,0,GEN_422030_NALCO2_220_2
120,0,GEN_422030_NALCO2_220_3
120,0,GEN_422030_NALCO2_220_4
120,0,GEN_422030_NALCO2_220_5
120,0,GEN_422030_NALCO2_220_6
120,0,GEN_422030_NALCO2_220_7
120,0,GEN_422030_NALCO2_220_8
120,0,GEN_422030_NALCO2_220_9
120,0,GEN_422605_BSSL_220_1
120,0,GEN_422605_BSSL_220_2
120,0,GEN_422606_JINSTL_220_1
120,0,GEN_422606_JINSTL_220_2
120,0,GEN_422607_TSIL_220_1
465,0,GEN_422609_STERLT2_220_2
120,0,GEN_422610_VEDANT_220_1
120,0,GEN_422610_VEDANT_220_2
120,0,GEN_422610_VEDANT_220_3
120,0,GEN_422610_VEDANT_220_4
120,0,GEN_422610_VEDANT_220_5
120,0,GEN_422610_VEDANT_220_6
120,0,GEN_422610_VEDANT_220_7
350,0,GEN_424023_KVK_400_1
350,0,GEN_424023_KVK_400_2
350,0,GEN_424023_KVK_400_3
525,1,GEN_424026_MONNET_400_1
525,1,GEN_424026_MONNET_400_2
600,1,GEN_424027_STERLITE_400_1
600,1,GEN_424027_STERLITE_400_2
600,1,GEN_424027_STERLITE_400_3
600,1,GEN_424027_STERLITE_400_4
660,1,GEN_424028_LANCOBDN_400_1
660,1,GEN_424028_LANCOBDN_400_2
350,1,GEN_424029_GMR_400_1
350,1,GEN_424029_GMR_400_2
350,1,GEN_424029_GMR_400_3
350,1,GEN_424029_GMR_400_4
600,1,GEN_424030_JINDAL-JITPL_400_1
600,1,GEN_424030_JINDAL-JITPL_400_2
525,0,GEN_424034_NAVABHA1_400_1
525,0,GEN_424034_NAVABHA1_400_2
350,1,GEN_424035_IND-BHARATH_400_1
350,1,GEN_424035_IND-BHARATH_400_2
660,1,GEN_424118_TALCHER-III_400_1
660,1,GEN_424118_TALCHER-III_400_2
660,1,GEN_424128_OPGC_400_4
660,1,GEN_424128_OPGC_400_5
660,1,GEN_424129_NSL-ODISHA_400_1
660,1,GEN_424129_NSL-ODISHA_400_2
660,0,GEN_428000_ODISHAUMPP8_765_1
660,0,GEN_428000_ODISHAUMPP8_765_2
660,0,GEN_428000_ODISHAUMPP8_765_3
660,0,GEN_428001_OD-UMPP-SPLT_765_1
660,0,GEN_428001_OD-UMPP-SPLT_765_2
660,0,GEN_428001_OD-UMPP-SPLT_765_3
800,1,GEN_428072_DARLIPALLI_765_1
800,1,GEN_428072_DARLIPALLI_765_2
660,1,GEN_428092_TALCHERGST3_765_1
660,1,GEN_428092_TALCHERGST3_765_2
800,1,GEN_428093_OTPCLTPS_765_1
800,1,GEN_428093_OTPCLTPS_765_2
60,0,GEN_431015_HOWRAH-DVC_132_1
22,0,GEN_431015_HOWRAH-DVC_132_2
22,0,GEN_431015_HOWRAH-DVC_132_3
20,1,GEN_431018_MAITHON-HYDR_132_1
20,1,GEN_431018_MAITHON-HYDR_132_2
23.2,1,GEN_431018_MAITHON-HYDR_132_3
40,1,GEN_431019_PANCHET-HYDR_132_1
40,1,GEN_431019_PANCHET-HYDR_132_2
30,1,GEN_431021_MAITHONGT_132_1
30,1,GEN_431021_MAITHONGT_132_2
30,1,GEN_431021_MAITHONGT_132_3
130,1,GEN_431107_CHANDRPR-TPS_132_1
130,1,GEN_431107_CHANDRPR-TPS_132_2
130,1,GEN_431107_CHANDRPR-TPS_132_3
40,1,GEN_431662_CRSTPOW_132_1
210,1,GEN_432001_BOKARO-TPS_220_1
210,1,GEN_432001_BOKARO-TPS_220_2
210,1,GEN_432001_BOKARO-TPS_220_3
250,1,GEN_432007_CHANDRPR-TPS_220_4
250,1,GEN_432007_CHANDRPR-TPS_220_5
210,1,GEN_432020_MEJIA2_220_1
210,1,GEN_432020_MEJIA2_220_2
210,1,GEN_432020_MEJIA2_220_3
210,1,GEN_432020_MEJIA2_220_4
250,1,GEN_432020_MEJIA2_220_5
250,1,GEN_432020_MEJIA2_220_6
210,1,GEN_432212_WARIA2_220_1
140,1,GEN_432212_WARIA2_220_2
210,1,GEN_434001_BOKARO-B_400_1
210,1,GEN_434001_BOKARO-B_400_2
210,1,GEN_434001_BOKARO-B_400_3
500,1,GEN_434002_DTPS_400_1
500,1,GEN_434002_DTPS_400_2
500,1,GEN_434003_MEJIA-B_400_1
500,1,GEN_434003_MEJIA-B_400_2
500,1,GEN_434005_KODERMA_400_1
500,1,GEN_434005_KODERMA_400_2
600,1,GEN_434006_RAGHUNATH_400_1
600,1,GEN_434006_RAGHUNATH_400_2
660,1,GEN_434006_RAGHUNATH_400_3
660,1,GEN_434006_RAGHUNATH_400_4
500,1,GEN_434031_BOKARO-A_400_1
525,1,GEN_434035_MAITHON-RB_400_1
525,1,GEN_434035_MAITHON-RB_400_2
200,1,GEN_440001_FARAKG_21_1
200,1,GEN_440001_FARAKG_21_2
200,1,GEN_440001_FARAKG_21_3
500,1,GEN_440001_FARAKG_21_4
500,1,GEN_440001_FARAKG_21_5
500,1,GEN_440001_FARAKG_21_6
60,0,GEN_441001_BANDEL-TPS_132_1
60,0,GEN_441001_BANDEL-TPS_132_2
60,0,GEN_441001_BANDEL-TPS_132_3
82.5,0,GEN_441001_BANDEL-TPS_132_4
215,1,GEN_441001_BANDEL-TPS_132_5
30,1,GEN_441017_DPL_132_1
30,1,GEN_441017_DPL_132_2
75,0,GEN_441017_DPL_132_3
75,0,GEN_441017_DPL_132_4
75,0,GEN_441017_DPL_132_5
9,1,GEN_441032_JALDAKHA_132_1
9,1,GEN_441032_JALDAKHA_132_2
9,1,GEN_441032_JALDAKHA_132_3
9,1,GEN_441032_JALDAKHA_132_4
12.5,1,GEN_441032_JALDAKHA_132_5
12.5,0,GEN_441032_JALDAKHA_132_6
12.5,0,GEN_441032_JALDAKHA_132_7
12.5,0,GEN_441032_JALDAKHA_132_8
25,1,GEN_441061_RAMMAM-II_132_1
25,1,GEN_441061_RAMMAM-II_132_2
65,1,GEN_441119_SUBARNAKA_132_1
65,1,GEN_441119_SUBARNAKA_132_2
40,1,GEN_441563_BEL_132_1
120,1,GEN_441570_TATAPWRHALDI_132_1
22.5,1,GEN_441620_TCF-1_132_1
22.5,1,GEN_441627_TCF-2_132_1
22.5,1,GEN_441629_TCF-3_132_1
250,1,GEN_441641_BUDGEBUDGE_132_1
250,1,GEN_441641_BUDGEBUDGE_132_2
67.5,0,GEN_441644_SOUTH-TPS_132_1
67.5,0,GEN_441644_SOUTH-TPS_132_2
160,0,GEN_441649_NEWCOSSIPUR_132_1
60,0,GEN_441652_TITAGARH-CES_132_1
60,0,GEN_441652_TITAGARH-CES_132_2
60,0,GEN_441652_TITAGARH-CES_132_3
60,0,GEN_441652_TITAGARH-CES_132_4
40,1,GEN_441911_RAMMAM-III_132_1
40,1,GEN_441911_RAMMAM-III_132_2
40,1,GEN_441911_RAMMAM-III_132_3
210,1,GEN_442012_KTPS220_220_1
210,1,GEN_442012_KTPS220_220_2
210,1,GEN_442012_KTPS220_220_3
110,1,GEN_442017_DPL2_220_6
300,1,GEN_442017_DPL2_220_7
300,1,GEN_442017_DPL2_220_8
210,1,GEN_442023_BAKRESWAR_220_3
210,1,GEN_442023_BAKRESWAR_220_4
210,1,GEN_442023_BAKRESWAR_220_5
250,1,GEN_442028_SANTLDI_220_1
250,1,GEN_442028_SANTLDI_220_2
120,0,GEN_442028_SANTLDI_220_3
120,0,GEN_442028_SANTLDI_220_4
120,0,GEN_442028_SANTLDI_220_5
120,0,GEN_442028_SANTLDI_220_6
33,1,GEN_442090_TSTLD-3_220_1
33,1,GEN_442090_TSTLD-3_220_2
33,1,GEN_442090_TSTLD-3_220_3
33,1,GEN_442090_TSTLD-3_220_4
40,1,GEN_442091_TSTLD-4_220_1
40,1,GEN_442091_TSTLD-4_220_2
40,1,GEN_442091_TSTLD-4_220_3
40,1,GEN_442091_TSTLD-4_220_4
150,1,GEN_442624_IPCL-HALDIA_220_1
150,1,GEN_442624_IPCL-HALDIA_220_2
150,1,GEN_442624_IPCL-HALDIA_220_3
250,1,GEN_442657_BUDGEBU-TPS_220_1
270,0,GEN_442668_RAGHUNATHPR_220_1
270,0,GEN_442668_RAGHUNATHPR_220_2
300,1,GEN_444010_SAGARDIGHI_4_400_1
300,1,GEN_444010_SAGARDIGHI_4_400_2
500,1,GEN_444010_SAGARDIGHI_4_400_3
500,1,GEN_444010_SAGARDIGHI_4_400_4
500,1,GEN_444010_SAGARDIGHI_4_400_5
210,1,GEN_444012_KOLAGHAT_400_1
210,1,GEN_444012_KOLAGHAT_400_2
210,1,GEN_444012_KOLAGHAT_400_3
300,1,GEN_444013_HALDIA-TPS_400_1
300,1,GEN_444013_HALDIA-TPS_400_2
210,1,GEN_444023_BAKRASWR_400_1
210,1,GEN_444023_BAKRASWR_400_2
225,1,GEN_444075_PURULIAPS_400_1
225,1,GEN_444075_PURULIAPS_400_2
225,1,GEN_444075_PURULIAPS_400_3
225,1,GEN_444075_PURULIAPS_400_4
660,1,GEN_444112_KATWA-TPS_400_1
660,1,GEN_444112_KATWA-TPS_400_2
250,1,GEN_444113_TURGA_PSP_400_1
250,1,GEN_444113_TURGA_PSP_400_2
250,1,GEN_444113_TURGA_PSP_400_3
250,1,GEN_444113_TURGA_PSP_400_4
50,1,GEN_471112_PATRATU_132_1
50,1,GEN_471112_PATRATU_132_2
50,1,GEN_471112_PATRATU_132_3
50,1,GEN_471112_PATRATU_132_4
120,1,GEN_471526_JOJOBE_132_1
120,1,GEN_471526_JOJOBE_132_2
60,1,GEN_471526_JOJOBE_132_3
660,0,GEN_472012_PATRATU2_220_1
100,0,GEN_472012_PATRATU2_220_10
660,0,GEN_472012_PATRATU2_220_2
110,1,GEN_472012_PATRATU2_220_5
110,1,GEN_472012_PATRATU2_220_6
110,1,GEN_472012_PATRATU2_220_7
110,0,GEN_472012_PATRATU2_220_8
100,0,GEN_472012_PATRATU2_220_9
210,1,GEN_472214_TENUGHAT2_220_1
210,1,GEN_472214_TENUGHAT2_220_2
600,1,GEN_474022_ESSAR_400_1
600,1,GEN_474022_ESSAR_400_2
270,0,GEN_474023_CORPORATE-I_400_1
270,0,GEN_474023_CORPORATE-I_400_2
270,1,GEN_474024_ADHUNIK_400_1
270,1,GEN_474024_ADHUNIK_400_2
270,0,GEN_474036_CORPORAT-II_400_1
270,0,GEN_474036_CORPORAT-II_400_2
660,1,GEN_474050_NORTHKARNPRA_400_1
660,1,GEN_474050_NORTHKARNPRA_400_2
660,1,GEN_474050_NORTHKARNPRA_400_3
660,0,GEN_478025_TILAIYYA_765_1
660,0,GEN_478025_TILAIYYA_765_2
660,0,GEN_478025_TILAIYYA_765_3
660,0,GEN_478025_TILAIYYA_765_4
660,0,GEN_478025_TILAIYYA_765_5
660,1,GEN_478025_TILAIYYA_765_6
49.5,1,GEN_491004_CHUZACHEN_132_1
49.5,1,GEN_491004_CHUZACHEN_132_2
17,1,GEN_491006_BHASMEY_132_1
17,1,GEN_491006_BHASMEY_132_2
17,1,GEN_491006_BHASMEY_132_3
32,1,GEN_491035_DIKCHU_132_1
32,1,GEN_491035_DIKCHU_132_2
32,1,GEN_491035_DIKCHU_132_3
60,1,GEN_491060_RANGIT-3_132_1
40,1,GEN_492003_RANGIT4_220_1
40,1,GEN_492003_RANGIT4_220_2
40,1,GEN_492003_RANGIT4_220_3
48,1,GEN_492007_RONGNCHU_220_1
48,1,GEN_492007_RONGNCHU_220_2
48.5,1,GEN_492008_TASHIDIN_220_1
48.5,1,GEN_492008_TASHIDIN_220_2
48,1,GEN_492009_JORETHAN_220_1
48,1,GEN_492009_JORETHAN_220_2
200,1,GEN_494001_TEESTA3_400_1
200,1,GEN_494001_TEESTA3_400_2
200,1,GEN_494001_TEESTA3_400_3
200,1,GEN_494001_TEESTA3_400_4
200,1,GEN_494001_TEESTA3_400_5
200,1,GEN_494001_TEESTA3_400_6
260,0,GEN_494011_TEESTA-IV_400_1
260,0,GEN_494011_TEESTA-IV_400_2
75,1,GEN_494012_PANANHIMGRI_400_1
75,1,GEN_494012_PANANHIMGRI_400_2
75,1,GEN_494012_PANANHIMGRI_400_3
75,1,GEN_494012_PANANHIMGRI_400_4
170,1,GEN_494070_TEESTA-5_400_1
170,1,GEN_494070_TEESTA-5_400_2
170,1,GEN_494070_TEESTA-5_400_3
62.5,1,GEN_511001_RSTP_132_1
5,0,GEN_511079_KRPL_132_1
75,1,GEN_512001_RMGD_220_S
110,1,GEN_512003_NSAG_220_1
110,1,GEN_512003_NSAG_220_10
110,1,GEN_512003_NSAG_220_2
110,1,GEN_512003_NSAG_220_3
110,1,GEN_512003_NSAG_220_4
110,1,GEN_512003_NSAG_220_5
110,1,GEN_512003_NSAG_220_6
110,1,GEN_512003_NSAG_220_7
110,1,GEN_512003_NSAG_220_8
110,1,GEN_512003_NSAG_220_9
210,1,GEN_512005_VIJA_220_1
210,1,GEN_512005_VIJA_220_2
210,1,GEN_512005_VIJA_220_3
210,1,GEN_512005_VIJA_220_4
210,1,GEN_512005_VIJA_220_5
210,1,GEN_512005_VIJA_220_6
1000,0,GEN_512042_HINDUPUR_220_2
1000,0,GEN_512042_HINDUPUR_220_W
141,1,GEN_512043_JAGRPDU2_220_1
110,1,GEN_512043_JAGRPDU2_220_2
141,1,GEN_512044_KAKINADA_220_1
68,1,GEN_512044_KAKINADA_220_2
68,1,GEN_512044_KAKINADA_220_3
68,1,GEN_512044_KAKINADA_220_4
112,1,GEN_512044_KAKINADA_220_5
60,1,GEN_512049_KOTH_220_1
60,1,GEN_512049_KOTH_220_2
60,1,GEN_512049_KOTH_220_3
60,1,GEN_512049_KOTH_220_4
120,1,GEN_512049_KOTH_220_5
120,1,GEN_512049_KOTH_220_6
120,1,GEN_512049_KOTH_220_7
120,1,GEN_512049_KOTH_220_8
250,1,GEN_512049_KOTH_220_9
250,1,GEN_512049_KOTH_220_A
115,1,GEN_512050_LISLRU_220_1
115,1,GEN_512050_LISLRU_220_2
115,1,GEN_512050_LISLRU_220_3
115,1,GEN_512050_LISLRU_220_4
115,1,GEN_512050_LISLRU_220_5
210,1,GEN_512057_MUDN_220_1
210,1,GEN_512057_MUDN_220_2
210,1,GEN_512057_MUDN_220_3
210,1,GEN_512057_MUDN_220_4
210,1,GEN_512057_MUDN_220_5
110,1,GEN_512073_SRIS_220_1
110,1,GEN_512073_SRIS_220_2
110,1,GEN_512073_SRIS_220_3
110,1,GEN_512073_SRIS_220_4
110,1,GEN_512073_SRIS_220_5
110,1,GEN_512073_SRIS_220_6
110,1,GEN_512073_SRIS_220_7
60,1,GEN_512077_USILRU_220_1
60,1,GEN_512077_USILRU_220_2
60,1,GEN_512077_USILRU_220_3
60,1,GEN_512077_USILRU_220_4
200,0,GEN_512083_KNDP_220_1
200,0,GEN_512083_KNDP_220_2
200,0,GEN_512083_KNDP_220_3
60,1,GEN_512084_VIJES1_220_1
112,1,GEN_512084_VIJES1_220_2
112,1,GEN_512084_VIJES1_220_3
112,1,GEN_512084_VIJES1_220_5
33,1,GEN_512085_VIJES2_220_1
33,1,GEN_512085_VIJES2_220_2
33,1,GEN_512085_VIJES2_220_3
2000,0,GEN_512087_VEMAGIRI_220_1
500,0,GEN_512087_VEMAGIRI_220_2
500,1,GEN_512087_VEMAGIRI_220_3
140,1,GEN_512109_RAMAGIRI_220_1
1109,1,GEN_512132_KONDPRM-W_220_V1
570,1,GEN_512133_URVKND_220_V1
150,1,GEN_512135_ASPIRI_220_1
150,1,GEN_512135_ASPIRI_220_2
150,1,GEN_512135_ASPIRI_220_3
150,1,GEN_512135_ASPIRI_220_4
150,1,GEN_512135_ASPIRI_220_5
150,1,GEN_512135_ASPIRI_220_6
150,1,GEN_512135_ASPIRI_220_8
350,1,GEN_512135_ASPIRI_220_V1
650,1,GEN_512136_MOGULV2_220_V1
791,1,GEN_512137_BRMPLI_220_V1
200,1,GEN_514001_RSTP_400_1
800,1,GEN_514001_RSTP_400_10
200,0,GEN_514001_RSTP_400_11
200,1,GEN_514001_RSTP_400_2
200,1,GEN_514001_RSTP_400_3
500,1,GEN_514001_RSTP_400_4
500,1,GEN_514001_RSTP_400_5
500,1,GEN_514001_RSTP_400_6
500,1,GEN_514001_RSTP_400_7
800,1,GEN_514001_RSTP_400_9
2000,0,GEN_514007_CUDP_400_SF
150,1,GEN_514011_SSLBPH4_400_1
150,1,GEN_514011_SSLBPH4_400_2
150,1,GEN_514011_SSLBPH4_400_3
150,1,GEN_514011_SSLBPH4_400_4
150,1,GEN_514011_SSLBPH4_400_5
150,1,GEN_514011_SSLBPH4_400_6
2000,0,GEN_514013_KURNOOL4_400_SF
500,1,GEN_514014_SIMHADRI_400_1
500,1,GEN_514014_SIMHADRI_400_2
500,1,GEN_514015_SIMHD-II_400_1
500,1,GEN_514015_SIMHD-II_400_2
350,1,GEN_514017_VEMAGIR4_400_1
350,1,GEN_514017_VEMAGIR4_400_2
350,1,GEN_514017_VEMAGIR4_400_3
660,1,GEN_514018_TPCIL4_400_1
660,1,GEN_514018_TPCIL4_400_2
800,1,GEN_514027_KRISH-AP_400_1
800,1,GEN_514027_KRISH-AP_400_2
800,0,GEN_514027_KRISH-AP_400_3
500,1,GEN_514029_KAKTIYA_400_1
600,1,GEN_514029_KAKTIYA_400_2
800,1,GEN_514029_KAKTIYA_400_3
500,1,GEN_514030_VIJTP-IV_400_1
800,1,GEN_514030_VIJTP-IV_400_2
300,0,GEN_514031_SINGARENI_400_2
600,1,GEN_514031_SINGARENI_400_3
600,1,GEN_514031_SINGARENI_400_4
1000,0,GEN_514042_HINDPR40_400_2
1000,0,GEN_514042_HINDPR40_400_3
1000,0,GEN_514042_HINDPR40_400_W
500,1,GEN_514049_KOTH-IV_400_1
800,0,GEN_514049_KOTH-IV_400_2
2500,0,GEN_514050_NPKUNTA_400_S
600,1,GEN_514057_MUDN400_400_1
1000,1,GEN_514059_MEHBOOBSP_400_S
800,1,GEN_514080_KOTH-VII_400_1
115,1,GEN_514088_LANCO-OA_400_1
115,1,GEN_514088_LANCO-OA_400_2
125,1,GEN_514088_LANCO-OA_400_3
233,1,GEN_514088_LANCO-OA_400_4
133,1,GEN_514088_LANCO-OA_400_5
233,1,GEN_514088_LANCO-OA_400_6
133,1,GEN_514088_LANCO-OA_400_7
233,1,GEN_514088_LANCO-OA_400_8
133,1,GEN_514088_LANCO-OA_400_9
150,1,GEN_514089_SIMHP-OA_400_1
150,1,GEN_514089_SIMHP-OA_400_2
150,1,GEN_514089_SIMHP-OA_400_3
150,1,GEN_514089_SIMHP-OA_400_4
150,1,GEN_514090_MENAK-OA_400_1
150,1,GEN_514090_MENAK-OA_400_2
350,1,GEN_514090_MENAK-OA_400_3
350,1,GEN_514090_MENAK-OA_400_4
660,1,GEN_514091_EAST-OA_400_1
660,1,GEN_514091_EAST-OA_400_2
384,1,GEN_514092_VEMAG-II_400_1
384,1,GEN_514092_VEMAG-II_400_2
660,1,GEN_514094_NCCPPL_400_1
660,1,GEN_514094_NCCPPL_400_2
660,0,GEN_514094_NCCPPL_400_3
850,1,GEN_514096_GMR-OA_400_1
525,1,GEN_514098_HINDJ-OA_400_1
525,1,GEN_514098_HINDJ-OA_400_2
1000,0,GEN_514132_KONDPRM_400_1
1000,0,GEN_514132_KONDPRM_400_2
1000,0,GEN_514133_URVKND_400_1
1000,0,GEN_514133_URVKND_400_2
270,1,GEN_514134_MANUGURU_400_1
270,1,GEN_514134_MANUGURU_400_2
270,1,GEN_514134_MANUGURU_400_3
270,1,GEN_514134_MANUGURU_400_4
1000,1,GEN_514401_PUDIMADAKA4_400_1
1000,1,GEN_514401_PUDIMADAKA4_400_2
1000,1,GEN_514401_PUDIMADAKA4_400_3
1000,1,GEN_514401_PUDIMADAKA4_400_4
210,1,GEN_522003_RAIC_220_1
210,1,GEN_522003_RAIC_220_2
210,1,GEN_522003_RAIC_220_3
210,1,GEN_522003_RAIC_220_4
500,0,GEN_522004_GUTTUR_220_1
220,1,GEN_522012_KAIG_220_1
220,1,GEN_522012_KAIG_220_2
300,0,GEN_522019_INDI_220_1
300,0,GEN_522020_BIJAPUR_220_1
300,0,GEN_522021_BAGALKOT_220_1
350,0,GEN_522022_VAJRAMATTI_220_1
110,1,GEN_522022_VAJRAMATTI_220_W1
150,0,GEN_522023_KUDUCHI_220_1
70,1,GEN_522023_KUDUCHI_220_V1
500,0,GEN_522024_ATHANI_220_1
70,1,GEN_522024_ATHANI_220_V1
240,0,GEN_522024_ATHANI_220_W1
150,0,GEN_522025_SOUNDATI_220_1
20,1,GEN_522025_SOUNDATI_220_V1
280,0,GEN_522025_SOUNDATI_220_W1
300,0,GEN_522026_CHIKKODI_220_1
70,1,GEN_522026_CHIKKODI_220_V1
125,0,GEN_522026_CHIKKODI_220_W1
400,0,GEN_522027_GHATPRBH_220_1
70,1,GEN_522027_GHATPRBH_220_V1
35,0,GEN_522027_GHATPRBH_220_W1
20,1,GEN_522031_AMBD_220_V1
50,0,GEN_522033_BELG_220_1
70,1,GEN_522033_BELG_220_V1
35,0,GEN_522033_BELG_220_W1
500,0,GEN_522034_BGWD_220_1
500,0,GEN_522036_DAVA_220_1
30,1,GEN_522036_DAVA_220_V1
721,1,GEN_522036_DAVA_220_W1
250,0,GEN_522039_GADG_220_1
277,1,GEN_522039_GADG_220_V1
90,1,GEN_522039_GADG_220_W1
450,0,GEN_522041_HAVR_220_1
80,1,GEN_522041_HAVR_220_V1
250,0,GEN_522042_ITTAGI_220_1
37,1,GEN_522048_JURLPRKR_220_1
40,1,GEN_522048_JURLPRKR_220_10
40,1,GEN_522048_JURLPRKR_220_11
40,1,GEN_522048_JURLPRKR_220_12
39,0,GEN_522048_JURLPRKR_220_13
39,1,GEN_522048_JURLPRKR_220_2
39,1,GEN_522048_JURLPRKR_220_3
39,1,GEN_522048_JURLPRKR_220_4
39,1,GEN_522048_JURLPRKR_220_5
39,1,GEN_522048_JURLPRKR_220_6
40,1,GEN_522048_JURLPRKR_220_7
40,1,GEN_522048_JURLPRKR_220_8
40,1,GEN_522048_JURLPRKR_220_9
50,1,GEN_522049_KADR_220_1
50,1,GEN_522049_KADR_220_2
50,1,GEN_522049_KADR_220_3
40,1,GEN_522050_KDSL_220_1
40,1,GEN_522050_KDSL_220_2
40,1,GEN_522050_KDSL_220_3
135,1,GEN_522052_KLN2_220_1
135,1,GEN_522052_KLN2_220_2
135,1,GEN_522052_KLN2_220_3
135,1,GEN_522052_KLN2_220_4
135,1,GEN_522052_KLN2_220_5
135,1,GEN_522052_KLN2_220_6
135,1,GEN_522052_KLN2_220_7
380,0,GEN_522058_MLNG_220_1
70,1,GEN_522058_MLNG_220_V1
58,1,GEN_522068_SHIM_220_V1
37,0,GEN_522068_SHIM_220_W1
60,1,GEN_522070_SRVT_220_1
60,1,GEN_522070_SRVT_220_13
60,1,GEN_522070_SRVT_220_2
60,1,GEN_522070_SRVT_220_3
60,1,GEN_522070_SRVT_220_4
103,1,GEN_522071_SVT2_220_1
103,1,GEN_522071_SVT2_220_2
103,1,GEN_522071_SVT2_220_3
103,1,GEN_522071_SVT2_220_4
103,1,GEN_522071_SVT2_220_5
103,1,GEN_522071_SVT2_220_6
103,1,GEN_522071_SVT2_220_7
103,1,GEN_522071_SVT2_220_8
103,1,GEN_522071_SVT2_220_9
103,1,GEN_522071_SVT2_220_A
500,0,GEN_522072_TALLAK_220_1
200,1,GEN_522072_TALLAK_220_S1
250,1,GEN_522072_TALLAK_220_W1
115,1,GEN_522075_VARH_220_1
115,1,GEN_522075_VARH_220_2
115,1,GEN_522075_VARH_220_3
115,1,GEN_522075_VARH_220_4
130,1,GEN_522076_TORAN2_220_1
130,1,GEN_522076_TORAN2_220_2
210,1,GEN_522079_ALMATI_220_1
40,1,GEN_522079_ALMATI_220_2
40,1,GEN_522079_ALMATI_220_3
500,0,GEN_522104_CHITRDRG_220_1
456,1,GEN_522104_CHITRDRG_220_V1
163,1,GEN_522104_CHITRDRG_220_W1
170,1,GEN_522113_RANIBNNR_220_V1
140,1,GEN_522115_HONNALI_220_V1
250,0,GEN_522132_NILAGUNDA22_220_1
100,0,GEN_522133_KUDALGI22_220_1
70,0,GEN_522134_BMMISPAT_220_1
70,0,GEN_522134_BMMISPAT_220_2
70,0,GEN_522134_BMMISPAT_220_3
25,0,GEN_522134_BMMISPAT_220_4
587,1,GEN_522136_DHONI_220_V1
244,1,GEN_522137_HARTI2_220_V1
25,1,GEN_522143_KANABRGI_220_V1
61,1,GEN_522154_HASSAN-KAR_220_V1
100,1,GEN_522203_HOSUDURGA_220_V1
210,1,GEN_524003_RAIC_400_1
250,1,GEN_524003_RAIC_400_2
210,1,GEN_524003_RAIC_400_3
210,1,GEN_524003_RAIC_400_4
600,1,GEN_524008_UDUPI400_400_1
600,1,GEN_524008_UDUPI400_400_2
220,1,GEN_524012_KAIGA_400_1
220,1,GEN_524012_KAIGA_400_2
800,1,GEN_524034_KUDGI-NT_400_1
800,1,GEN_524034_KUDGI-NT_400_2
800,1,GEN_524034_KUDGI-NT_400_3
450,0,GEN_524048_DHONI4_400_1
300,1,GEN_524076_TORNGL4_400_1
300,1,GEN_524076_TORNGL4_400_2
300,1,GEN_524076_TORNGL4_400_3
300,1,GEN_524076_TORNGL4_400_4
660,1,GEN_524076_TORNGL4_400_5
500,1,GEN_524082_BELLARY_400_1
500,1,GEN_524082_BELLARY_400_2
700,1,GEN_524082_BELLARY_400_3
9999,0,GEN_524083_YERAMRS_400_1
800,1,GEN_524083_YERAMRS_400_2
800,1,GEN_524083_YERAMRS_400_3
800,1,GEN_524085_EDLAPUR_400_3
2000,0,GEN_524087_TUMKURSP_400_S
25,1,GEN_531022_KAKKAD1_110_1
25,1,GEN_531022_KAKKAD1_110_2
4,0,GEN_531022_KAKKAD1_110_3
7,1,GEN_531030_KUTHNGAL1_110_1
7,1,GEN_531030_KUTHNGAL1_110_2
7,0,GEN_531030_KUTHNGAL1_110_3
4,0,GEN_531036_MANIYAR1_110_1
4,0,GEN_531036_MANIYAR1_110_2
4,0,GEN_531036_MANIYAR1_110_3
4,0,GEN_531036_MANIYAR1_110_4
17.5,1,GEN_531042_NERMNGLM1_110_1
17.5,1,GEN_531042_NERMNGLM1_110_2
17.5,1,GEN_531042_NERMNGLM1_110_3
25,1,GEN_531042_NERMNGLM1_110_4
16.2,1,GEN_531047_PANNIYAR1_110_1
16.2,1,GEN_531047_PANNIYAR1_110_2
12.7,1,GEN_531054_SENGULAM1_110_1
12.7,1,GEN_531054_SENGULAM1_110_2
12.7,1,GEN_531054_SENGULAM1_110_3
12.7,1,GEN_531054_SENGULAM1_110_4
15,1,GEN_531072_KARIKYM1_110_1
24,1,GEN_531256_CHINNAR1_110_1
21,0,GEN_531314_BDPP1_110_1
21,0,GEN_531314_BDPP1_110_2
21.32,0,GEN_531314_BDPP1_110_3
21.32,0,GEN_531314_BDPP1_110_4
21.32,0,GEN_531314_BDPP1_110_5
37.5,1,GEN_531321_IDAMALYR1_110_1
37.5,1,GEN_531321_IDAMALYR1_110_2
18,1,GEN_531326_SHOLAYAR1_110_1
18,1,GEN_531326_SHOLAYAR1_110_2
18,1,GEN_531326_SHOLAYAR1_110_3
8,1,GEN_531347_PORINGAL1_110_1
8,1,GEN_531347_PORINGAL1_110_2
8,1,GEN_531347_PORINGAL1_110_3
8,1,GEN_531347_PORINGAL1_110_4
16,0,GEN_531347_PORINGAL1_110_5
25,0,GEN_531347_PORINGAL1_110_6
40.5,0,GEN_531368_BSES1_110_1
40.5,0,GEN_531368_BSES1_110_2
40.5,0,GEN_531368_BSES1_110_3
40.5,0,GEN_531368_BSES1_110_4
24,0,GEN_531552_BOHTANKET1_110_1
16,1,GEN_531615_KDPP1_110_1
16,1,GEN_531615_KDPP1_110_2
16,1,GEN_531615_KDPP1_110_3
16,1,GEN_531615_KDPP1_110_4
16,1,GEN_531615_KDPP1_110_5
16,1,GEN_531615_KDPP1_110_6
16,1,GEN_531615_KDPP1_110_7
16,1,GEN_531615_KDPP1_110_8
25,1,GEN_531621_KAKKAYAM1A_110_1
25,1,GEN_531621_KAKKAYAM1A_110_2
25,1,GEN_531621_KAKKAYAM1A_110_3
50,1,GEN_531622_KAKKAYAM1B_110_4
50,1,GEN_531622_KAKKAYAM1B_110_5
50,1,GEN_531622_KAKKAYAM1B_110_6
7.3,0,GEN_531641_KPCL1_110_1
7.3,0,GEN_531641_KPCL1_110_2
7.3,0,GEN_531641_KPCL1_110_3
130,1,GEN_532001_IDUKKI2A_220_3
130,1,GEN_532001_IDUKKI2A_220_4
130,1,GEN_532001_IDUKKI2A_220_5
130,1,GEN_532001_IDUKKI2A_220_6
130,1,GEN_532002_IDUKKI2B_220_1
130,1,GEN_532002_IDUKKI2B_220_2
126.7,0,GEN_532005_KAYMKULM2_220_1
126.7,0,GEN_532005_KAYMKULM2_220_2
144.5,0,GEN_532005_KAYMKULM2_220_3
60,1,GEN_532007_LOWRPRYR2A_220_1
60,1,GEN_532007_LOWRPRYR2A_220_2
60,1,GEN_532007_LOWRPRYR2A_220_3
55,1,GEN_532013_SABRGIRI2_220_1
55,1,GEN_532013_SABRGIRI2_220_2
55,1,GEN_532013_SABRGIRI2_220_3
55,1,GEN_532013_SABRGIRI2_220_4
55,1,GEN_532013_SABRGIRI2_220_5
60,1,GEN_532013_SABRGIRI2_220_6
40,0,GEN_532014_THOTTIAR2_220_1
60,0,GEN_532251_PALIVASL2_220_1
40,0,GEN_532252_MANKULAM2_220_1
24,1,GEN_532256_UPRSNGLM2_220_1
24,0,GEN_532256_UPRSNGLM2_220_2
80,0,GEN_532555_KOTATHRA2_220_1
4.5,0,GEN_536016_IRUTKANM6_66_1
7.5,1,GEN_536019_KALLADA6_66_1
7.5,1,GEN_536019_KALLADA6_66_2
3.5,0,GEN_536034_MALNKARA6_66_1
3.5,0,GEN_536034_MALNKARA6_66_2
3.5,0,GEN_536034_MALNKARA6_66_3
20,0,GEN_536036_NEDMKNDM6_66_1
50,0,GEN_536036_NEDMKNDM6_66_2
4.95,1,GEN_536051_PALIVASL6_66_1
4.95,1,GEN_536051_PALIVASL6_66_2
5,1,GEN_536051_PALIVASL6_66_3
8.39,1,GEN_536051_PALIVASL6_66_4
8.39,1,GEN_536051_PALIVASL6_66_5
8.39,1,GEN_536051_PALIVASL6_66_6
10,0,GEN_536251_WSTKALAR6_66_1
24,0,GEN_536361_BOHTANKET6_66_1
6.65,1,GEN_541001_PYKARA1_110_1
6.65,1,GEN_541001_PYKARA1_110_2
6.65,1,GEN_541001_PYKARA1_110_3
11,0,GEN_541001_PYKARA1_110_4
11,1,GEN_541001_PYKARA1_110_5
14,1,GEN_541001_PYKARA1_110_6
14,1,GEN_541001_PYKARA1_110_7
15,1,GEN_541006_UDMLPET1_110_W1
25,1,GEN_541018_KAYA-W2_110_W1
180,1,GEN_541020_PALADAM_110_W1
319,1,GEN_541026_KANARPATTY_110_W1
100,1,GEN_541027_KAYA-W110_110_V1
150,1,GEN_541027_KAYA-W110_110_V2
101,1,GEN_541044_KUTALAMGAS1_110_1
5,1,GEN_541045_SRPDUR_110_W1
50,0,GEN_541046_NEYVELITS1_110_1
50,0,GEN_541046_NEYVELITS1_110_2
50,0,GEN_541046_NEYVELITS1_110_3
50,0,GEN_541046_NEYVELITS1_110_4
50,0,GEN_541046_NEYVELITS1_110_5
50,0,GEN_541046_NEYVELITS1_110_6
513.75,1,GEN_541093_TAPPAKUN_110_W1
100,1,GEN_541094_ANIKADAV_110_W1
150,1,GEN_541097_RASIPALYAM1_110_W1
140,1,GEN_541102_KODIKURCHI-W_110_W1
50,1,GEN_541104_UDYTHR-W_110_W1
200,1,GEN_541105_RAMNDIPPGAS1_110_1
108,1,GEN_541106_KOVILKLPLGAS_110_1
60,1,GEN_541107_KRAIKL1_110_1
3,1,GEN_541109_TTPSAUT1_110_W1
95,1,GEN_541112_VALUTHURGAS1_110_1
92.2,1,GEN_541112_VALUTHURGAS1_110_2
65,1,GEN_541119_PONNAPRM_110_W1
105,1,GEN_541122_EDAYRPLM_110_W1
130,1,GEN_541302_RADHAPRM_110_W1
60,1,GEN_541303_ARALVAM_110_W1
150,1,GEN_541304_KUDANKLM_110_W1
100,1,GEN_541305_IRUKNTHR_110_W1
100,1,GEN_541306_CHIDMBRM-W_110_W1
75,1,GEN_541307_PERUNGDI-W_110_W1
125,1,GEN_541308_VADKNKLM_110_W1
100,1,GEN_541309_THNDRKLM_110_W1
55,1,GEN_541310_PANAGUDI_110_W1
70,1,GEN_541311_MUPANDAL_110_W1
30,1,GEN_541312_KANNANLUR_110_W1
50,1,GEN_541313_PALAVOOR_110_W1
80,1,GEN_541314_KARNGULAM_110_W1
75,1,GEN_541315_MAHARAJPRM_110_W1
15,1,GEN_541316_KANYKUMRI_110_W1
50,1,GEN_541323_ANNANGR_110_W1
15,1,GEN_541324_VALLIYUR_110_W1
100,1,GEN_541326_DEVARKLM_110_W1
150,1,GEN_541327_VANKNDL_110_V1
42,1,GEN_541327_VANKNDL_110_W1
113,1,GEN_541328_UTHUMA_110_W1
50,1,GEN_541330_ARUMUGNR_110_W1
100,1,GEN_541331_KTKRNGLM_110_W1
50,1,GEN_541332_RASTHA_110_W1
164,1,GEN_541334_OTULKP1_110_W1
40,1,GEN_541339_TENKASI_110_W1
120,1,GEN_541340_PCHATRAM_110_W1
50,1,GEN_541341_ALANGULM_110_W1
70,1,GEN_541342_KEELVRNAM_110_W1
25,1,GEN_541343_SURANDI_110_W1
60,1,GEN_541344_PONGAI_110_W1
100,1,GEN_541345_VEERASIGMN_110_W1
55,1,GEN_541347_KADYANLR_110_W1
10,1,GEN_541348_VADAKAR_110_W1
5,1,GEN_541349_MALYANKLM_110_W1
50,1,GEN_541352_KALUGU_110_W1
20,1,GEN_541401_MADATHUKLM_110_W1
125,1,GEN_541404_MELKARPTY_110_W1
50,1,GEN_541405_UDMLPT2-W_110_W1
100,1,GEN_541406_THUNGAVI_110_W1
100,1,GEN_541407_POLAVDY_110_W1
100,1,GEN_541408_MARUDURW_110_W1
100,1,GEN_541409_GUDMNGLM_110_W1
100,1,GEN_541410_SULTNPT_110_W1
60,1,GEN_541411_POLANKI_110_W1
30,1,GEN_541412_KOZUMAN_110_W1
65,1,GEN_541413_THALAIY_110_W1
125,1,GEN_541415_PUDUPALYM_110_W1
45,1,GEN_541416_NEGAMAN_110_W1
93,1,GEN_541417_ANDHYUR_110_W1
75,1,GEN_541418_PANAPATTY_110_W1
80,1,GEN_541421_ELAVANTHI_110_W1
30,1,GEN_541422_PONGALUR_110_W1
125,1,GEN_541423_CHINNAPDR_110_W1
25,1,GEN_541424_DHARAPRM_110_W1
35,1,GEN_541425_KUNDADM_110_W1
210,1,GEN_542001_NEYVELTS2_230_1
210,1,GEN_542001_NEYVELTS2_230_2
210,1,GEN_542001_NEYVELTS2_230_3
500,1,GEN_542006_UDMLPET2_230_1
500,0,GEN_542006_UDMLPET2_230_2
500,0,GEN_542006_UDMLPET2_230_3
500,0,GEN_542006_UDMLPET2_230_4
210,1,GEN_542008_NCTPS2_230_1
210,1,GEN_542008_NCTPS2_230_2
210,1,GEN_542008_NCTPS2_230_3
500,1,GEN_542014_ARASUR2_230_1
500,1,GEN_542014_ARASUR2_230_2
500,1,GEN_542014_ARASUR2_230_3
23.75,1,GEN_542014_ARASUR2_230_W1
500,1,GEN_542018_KAYA-W_230_1
500,1,GEN_542018_KAYA-W_230_2
500,1,GEN_542018_KAYA-W_230_3
500,1,GEN_542018_KAYA-W_230_4
500,1,GEN_542030_KALP-FBR2_230_1
500,0,GEN_542030_KALP-FBR2_230_2
220,1,GEN_542031_KALPAKAM2_230_1
220,1,GEN_542031_KALPAKAM2_230_2
100,1,GEN_542033_KADAMPAR2_230_1
100,1,GEN_542033_KADAMPAR2_230_2
100,1,GEN_542033_KADAMPAR2_230_3
100,1,GEN_542033_KADAMPAR2_230_4
60,1,GEN_542037_KUNDAHGEN2_230_1
60,1,GEN_542037_KUNDAHGEN2_230_2
60,1,GEN_542037_KUNDAHGEN2_230_3
50,1,GEN_542037_KUNDAHGEN2_230_4
50,1,GEN_542037_KUNDAHGEN2_230_5
20,1,GEN_542037_KUNDAHGEN2_230_6
20,1,GEN_542037_KUNDAHGEN2_230_7
20,1,GEN_542037_KUNDAHGEN2_230_8
20,1,GEN_542037_KUNDAHGEN2_230_9
20,1,GEN_542037_KUNDAHGEN2_230_A
35,1,GEN_542037_KUNDAHGEN2_230_B
35,1,GEN_542037_KUNDAHGEN2_230_C
35,1,GEN_542037_KUNDAHGEN2_230_D
35,1,GEN_542037_KUNDAHGEN2_230_E
35,1,GEN_542037_KUNDAHGEN2_230_F
30,1,GEN_542037_KUNDAHGEN2_230_G
50,1,GEN_542039_METTUR-TUN_230_1
50,1,GEN_542039_METTUR-TUN_230_2
50,1,GEN_542039_METTUR-TUN_230_3
50,1,GEN_542039_METTUR-TUN_230_4
25,1,GEN_542039_METTUR-TUN_230_5
25,1,GEN_542039_METTUR-TUN_230_6
60,1,GEN_542039_METTUR-TUN_230_7
60,1,GEN_542039_METTUR-TUN_230_8
210,1,GEN_542041_MTPS2_230_1
210,1,GEN_542041_MTPS2_230_2
210,1,GEN_542041_MTPS2_230_3
210,1,GEN_542041_MTPS2_230_4
100,0,GEN_542046_NEYVELITS12_230_7
100,0,GEN_542046_NEYVELITS12_230_8
100,0,GEN_542046_NEYVELITS12_230_9
250,1,GEN_542047_NEY-ZERO_230_1
120,1,GEN_542051_PARAMKDY2_230_S1
110,0,GEN_542054_ENNORE2_230_1
110,0,GEN_542054_ENNORE2_230_2
110,0,GEN_542054_ENNORE2_230_3
60,0,GEN_542054_ENNORE2_230_4
60,0,GEN_542054_ENNORE2_230_5
100,1,GEN_542055_PPNALUR2_230_1
100,1,GEN_542055_PPNALUR2_230_2
100,1,GEN_542055_PPNALUR2_230_3
35,0,GEN_542064_THENI2_230_1
35,0,GEN_542064_THENI2_230_2
35,0,GEN_542064_THENI2_230_3
500,1,GEN_542064_THENI2_230_4
250,0,GEN_542064_THENI2_230_6
50,1,GEN_542064_THENI2_230_V1
227,1,GEN_542064_THENI2_230_W1
210,1,GEN_542071_TTPS2_230_1
210,1,GEN_542071_TTPS2_230_2
210,1,GEN_542071_TTPS2_230_3
210,1,GEN_542071_TTPS2_230_4
210,1,GEN_542071_TTPS2_230_5
50,1,GEN_542097_PUSHEP2_230_1
50,1,GEN_542097_PUSHEP2_230_2
50,1,GEN_542097_PUSHEP2_230_3
500,1,GEN_542101_AMDAPR-W_230_4
95,1,GEN_542101_AMDAPR-W_230_W1
190,1,GEN_542103_VERNM-W_230_W1
190,1,GEN_542104_UDYTHR-W_230_W1
25,1,GEN_542105_KNARPT-W_230_V1
180,1,GEN_542105_KNARPT-W_230_W1
190,1,GEN_542108_SANKRI-W_230_W1
190,1,GEN_542110_VILSRI-W_230_V1
3,1,GEN_542112_VALUTHUR2_230_W1
15,1,GEN_542113_OKMDPM-W_230_W1
150,1,GEN_542114_ANIKDV-W_230_V1
400,1,GEN_542114_ANIKDV-W_230_W1
90,1,GEN_542116_VELPNOR-W_230_W1
50,1,GEN_542118_SADAYMPLYM-W_230_W1
700,1,GEN_542126_KAMUTHI2_230_S
500,1,GEN_542127_TRICHULI-S_230_S
80,1,GEN_542137_STERLITE2_230_1
80,1,GEN_542137_STERLITE2_230_2
150,1,GEN_542138_INDBHARAT2_230_1
150,1,GEN_542138_INDBHARAT2_230_2
63,0,GEN_542138_INDBHARAT2_230_3
150,1,GEN_542139_KARVAR2_230_1
150,1,GEN_542139_KARVAR2_230_2
150,1,GEN_542139_KARVAR2_230_3
41,1,GEN_542140_SAVASAPRM2_230_S
150,1,GEN_542141_NAGAIPR2_230_1
150,1,GEN_542141_NAGAIPR2_230_2
150,1,GEN_542142_NEPL2_230_1
150,1,GEN_542163_OPGALAMTYG_230_1
80,1,GEN_542163_OPGALAMTYG_230_2
80,1,GEN_542163_OPGALAMTYG_230_3
280,1,GEN_542170_SANKARPURI_230_V1
600,1,GEN_544000_CHENN-EX_400_1
600,1,GEN_544000_CHENN-EX_400_2
210,1,GEN_544001_NYVL_400_1
210,1,GEN_544001_NYVL_400_2
210,1,GEN_544001_NYVL_400_3
210,1,GEN_544001_NYVL_400_4
210,1,GEN_544010_NEYEXTN4_400_1
210,1,GEN_544010_NEYEXTN4_400_2
500,1,GEN_544017_KARAIK_400_1
500,1,GEN_544017_KARAIK_400_2
500,1,GEN_544020_NEY_IIEX_400_1
1000,1,GEN_544021_KUDAN4_400_1
1000,1,GEN_544021_KUDAN4_400_2
1000,1,GEN_544021_KUDAN4_400_3
360,1,GEN_544023_OPG400KV_400_1
360,1,GEN_544023_OPG400KV_400_2
2500,0,GEN_544025_TIRUNVLPOOL_400_V1
500,1,GEN_544026_KANAPATT_400_1
500,1,GEN_544026_KANAPATT_400_2
500,1,GEN_544026_KANAPATT_400_3
500,1,GEN_544026_KANAPATT_400_4
500,1,GEN_544027_KAYATHAR4_400_1
500,1,GEN_544027_KAYATHAR4_400_2
500,1,GEN_544027_KAYATHAR4_400_3
500,1,GEN_544027_KAYATHAR4_400_4
600,1,GEN_544041_METTUR4_400_1
500,1,GEN_544046_NEY(REP)4_400_1
500,1,GEN_544046_NEY(REP)4_400_2
500,1,GEN_544071_TUTICORN_400_1
500,1,GEN_544071_TUTICORN_400_2
660,1,GEN_544072_UDNGDI4_400_1
660,1,GEN_544072_UDNGDI4_400_2
500,1,GEN_544088_VALLURTPS_400_1
500,1,GEN_544088_VALLURTPS_400_2
500,1,GEN_544088_VALLURTPS_400_3
500,1,GEN_544093_TAPPAKUN_400_1
500,1,GEN_544093_TAPPAKUN_400_2
500,1,GEN_544094_ANIKADAV_400_1
500,1,GEN_544094_ANIKADAV_400_4
660,1,GEN_544096_ILFS-OA_400_1
660,1,GEN_544096_ILFS-OA_400_2
500,1,GEN_544097_RASIPALA_400_1
500,1,GEN_544097_RASIPALA_400_2
500,1,GEN_544097_RASIPALA_400_3
500,0,GEN_544098_PEL-OA_400_1
500,0,GEN_544098_PEL-OA_400_2
600,1,GEN_544114_CEPL_400_1
600,1,GEN_544114_CEPL_400_2
600,1,GEN_544115_IND-BARATH_400_1
600,0,GEN_544115_IND-BARATH_400_2
660,1,GEN_544124_ETPSEXP4_400_1
360,0,GEN_544126_THERVOI4_400_1
360,0,GEN_544126_THERVOI4_400_2
500,0,GEN_544126_THERVOI4_400_3
600,1,GEN_544131_NCTPSSTG4_400_1
600,1,GEN_544131_NCTPSSTG4_400_2
1500,0,GEN_544132_KAMUTHI4_400_1
800,1,GEN_548008_NCTPS765KV_765_1
660,0,GEN_548025_CHEYYUR-UMPP_765_1
660,0,GEN_548025_CHEYYUR-UMPP_765_2
660,0,GEN_548025_CHEYYUR-UMPP_765_3
660,0,GEN_548025_CHEYYUR-UMPP_765_4
660,0,GEN_548025_CHEYYUR-UMPP_765_5
660,0,GEN_548025_CHEYYUR-UMPP_765_6
660,0,GEN_548072_UDNGDI7_765_1
660,0,GEN_548072_UDNGDI7_765_2
800,1,GEN_548072_UDNGDI7_765_3
660,1,GEN_548124_ETPSREP7_765_1
660,1,GEN_548124_ETPSREP7_765_2
