BusNumber,ZoneName
511079,SR
511214,SR
512001,SR
512005,SR
512006,SR
512007,SR
512008,SR
512013,SR
512016,SR
512017,SR
512019,SR
512024,SR
512025,SR
512026,SR
512031,SR
512032,SR
512034,SR
512035,SR
512037,SR
512038,SR
512039,SR
512040,SR
512041,SR
512042,SR
512043,SR
512044,SR
512045,SR
512048,SR
512050,SR
512057,SR
512058,SR
512059,SR
512061,SR
512063,SR
512064,SR
512065,SR
512066,SR
512067,SR
512071,SR
512072,SR
512073,SR
512074,SR
512075,SR
512076,SR
512077,SR
512080,SR
512081,SR
512083,SR
512084,SR
512085,SR
512087,SR
512097,SR
512101,SR
512103,SR
512104,SR
512105,SR
512107,SR
512108,SR
512109,SR
512110,SR
512111,SR
512112,SR
512113,SR
512114,SR
512115,SR
512116,SR
512117,SR
512130,SR
512132,SR
512133,SR
512134,SR
512135,SR
512136,SR
512137,SR
512224,SR
512235,SR
514005,SR
514006,SR
514007,SR
514008,SR
514010,SR
514013,SR
514014,SR
514015,SR
514016,SR
514017,SR
514018,SR
514019,SR
514024,SR
514025,SR
514026,SR
514027,SR
514028,SR
514030,SR
514039,SR
514042,SR
514050,SR
514057,SR
514066,SR
514081,SR
514088,SR
514089,SR
514090,SR
514091,SR
514092,SR
514093,SR
514094,SR
514096,SR
514097,SR
514098,SR
514099,SR
514103,SR
514111,SR
514132,SR
514133,SR
514203,SR
514401,SR
514402,SR
514403,SR
514996,SR
514997,SR
514998,SR
514999,SR
518007,SR
518018,SR
518026,SR
518028,SR
518091,SR
518092,SR
518093,SR
518095,SR
518099,SR
518401,SR
518402,SR
212096,NER
212097,NER
212098,NER
212099,NER
214413,NER
221010,NER
221020,NER
221050,NER
221101,NER
221102,NER
221110,NER
221150,NER
221340,NER
221460,NER
221500,NER
222030,NER
224001,NER
224002,NER
224003,NER
224004,NER
224050,NER
224323,NER
224325,NER
224412,NER
224414,NER
224415,NER
211001,NER
211002,NER
211003,NER
211004,NER
211005,NER
211006,NER
211007,NER
211008,NER
211009,NER
211010,NER
211020,NER
211021,NER
211022,NER
211024,NER
211025,NER
211026,NER
211027,NER
211028,NER
211029,NER
211030,NER
211031,NER
211032,NER
211033,NER
211034,NER
211035,NER
211036,NER
211037,NER
211039,NER
211040,NER
211041,NER
211042,NER
211043,NER
211045,NER
211047,NER
211048,NER
211049,NER
211050,NER
211051,NER
211053,NER
211054,NER
211055,NER
211058,NER
211059,NER
211060,NER
211061,NER
211062,NER
211063,NER
211064,NER
211065,NER
211066,NER
211067,NER
211068,NER
211069,NER
211070,NER
211080,NER
211090,NER
211094,NER
211100,NER
211110,NER
211120,NER
211130,NER
211134,NER
211135,NER
211140,NER
211150,NER
211155,NER
211160,NER
211161,NER
211165,NER
211166,NER
211168,NER
211170,NER
211171,NER
211176,NER
211177,NER
211180,NER
211190,NER
211200,NER
211201,NER
211210,NER
211215,NER
211220,NER
211230,NER
211240,NER
211244,NER
211260,NER
211280,NER
211301,NER
211302,NER
211303,NER
211304,NER
211305,NER
211306,NER
211307,NER
211308,NER
211309,NER
211310,NER
211311,NER
211312,NER
211326,NER
211328,NER
211329,NER
211330,NER
211331,NER
211332,NER
211333,NER
211334,NER
211335,NER
211336,NER
211338,NER
211339,NER
211340,NER
211341,NER
211342,NER
211350,NER
211355,NER
211370,NER
211390,NER
211450,NER
211460,NER
211510,NER
211530,NER
211540,NER
211550,NER
211570,NER
211590,NER
211600,NER
211620,NER
211630,NER
211640,NER
211650,NER
211660,NER
211670,NER
211680,NER
211690,NER
211700,NER
211740,NER
211750,NER
211760,NER
211770,NER
211800,NER
211851,NER
211940,NER
211950,NER
211960,NER
211970,NER
212000,NER
212001,NER
212015,NER
212020,NER
212021,NER
212040,NER
212041,NER
212050,NER
212075,NER
212100,NER
212150,NER
212190,NER
212201,NER
212202,NER
212250,NER
212270,NER
212322,NER
212337,NER
212343,NER
212360,NER
212380,NER
212440,NER
212470,NER
212500,NER
212531,NER
212610,NER
213301,NER
213302,NER
213304,NER
213305,NER
213306,NER
213307,NER
213308,NER
213309,NER
214010,NER
214015,NER
214030,NER
214044,NER
214050,NER
214051,NER
214151,NER
214170,NER
214321,NER
214411,NER
214560,NER
216071,NER
216075,NER
216076,NER
216080,NER
216090,NER
216091,NER
216820,NER
216830,NER
216840,NER
216850,NER
216860,NER
216890,NER
216900,NER
216980,NER
444102,BANGLADESH
444104,BANGLADESH
280001,BHUTAN
281101,BHUTAN
281102,BHUTAN
281103,BHUTAN
281104,BHUTAN
281105,BHUTAN
281106,BHUTAN
281107,BHUTAN
281108,BHUTAN
281109,BHUTAN
281110,BHUTAN
281111,BHUTAN
281201,BHUTAN
281303,BHUTAN
282001,BHUTAN
282002,BHUTAN
282007,BHUTAN
282031,BHUTAN
282202,BHUTAN
282203,BHUTAN
282204,BHUTAN
282205,BHUTAN
282206,BHUTAN
282612,BHUTAN
283300,BHUTAN
283301,BHUTAN
283302,BHUTAN
283304,BHUTAN
283305,BHUTAN
283306,BHUTAN
283307,BHUTAN
283308,BHUTAN
283309,BHUTAN
284001,BHUTAN
284002,BHUTAN
284003,BHUTAN
284008,BHUTAN
284009,BHUTAN
284010,BHUTAN
284011,BHUTAN
284012,BHUTAN
284013,BHUTAN
284079,BHUTAN
286606,BHUTAN
286607,BHUTAN
286611,BHUTAN
286613,BHUTAN
420003,BHUTAN
410001,ER
411000,ER
411001,ER
411002,ER
411003,ER
411004,ER
411005,ER
411006,ER
411007,ER
411008,ER
411009,ER
411010,ER
411013,ER
411014,ER
411017,ER
411020,ER
411021,ER
411022,ER
411023,ER
411024,ER
411025,ER
411027,ER
411028,ER
411029,ER
411030,ER
411031,ER
411032,ER
411033,ER
411034,ER
411035,ER
411036,ER
411037,ER
411038,ER
411039,ER
411040,ER
411041,ER
411042,ER
411043,ER
411044,ER
411045,ER
411046,ER
411047,ER
411048,ER
411049,ER
411050,ER
411052,ER
411053,ER
411056,ER
411057,ER
411058,ER
411059,ER
411063,ER
411064,ER
411065,ER
411066,ER
411067,ER
411068,ER
411069,ER
411070,ER
411071,ER
411072,ER
411075,ER
411076,ER
411077,ER
411078,ER
411079,ER
411080,ER
411081,ER
411082,ER
411083,ER
411084,ER
411087,ER
411089,ER
411090,ER
411091,ER
411092,ER
411094,ER
411096,ER
411097,ER
411098,ER
411099,ER
411101,ER
411102,ER
411103,ER
411104,ER
411105,ER
411106,ER
411107,ER
411108,ER
411109,ER
411110,ER
411111,ER
411112,ER
411113,ER
411114,ER
411115,ER
411116,ER
411117,ER
411121,ER
411124,ER
411125,ER
411126,ER
411127,ER
411128,ER
411129,ER
411130,ER
412001,ER
412002,ER
412003,ER
412004,ER
412005,ER
412006,ER
412007,ER
412008,ER
412009,ER
412010,ER
412011,ER
412013,ER
412017,ER
412020,ER
412021,ER
412024,ER
412025,ER
412026,ER
412027,ER
412028,ER
412037,ER
412042,ER
412043,ER
412044,ER
412045,ER
412051,ER
412054,ER
412057,ER
412058,ER
412067,ER
412071,ER
412075,ER
412076,ER
412077,ER
412079,ER
412085,ER
412090,ER
412093,ER
412094,ER
412095,ER
412101,ER
412102,ER
412207,ER
412214,ER
412215,ER
412217,ER
414001,ER
414004,ER
414005,ER
414006,ER
414008,ER
414010,ER
414013,ER
414020,ER
414031,ER
414052,ER
414066,ER
414068,ER
414071,ER
414072,ER
414078,ER
414090,ER
414091,ER
414093,ER
414094,ER
414095,ER
414102,ER
414405,ER
414410,ER
414471,ER
414491,ER
414492,ER
414900,ER
418008,ER
418091,ER
418892,ER
431055,ER
13099,NR
100008,NR
100009,NR
100010,NR
100011,NR
100012,NR
100013,NR
100014,NR
100016,NR
100017,NR
100018,NR
100019,NR
100020,NR
100021,NR
100022,NR
100023,NR
100025,NR
100026,NR
100029,NR
100031,NR
100032,NR
100033,NR
100034,NR
100035,NR
100036,NR
100038,NR
100039,NR
100040,NR
100041,NR
100042,NR
100043,NR
100044,NR
100046,NR
100047,NR
100062,NR
100065,NR
100067,NR
100068,NR
100069,NR
100070,NR
100071,NR
100075,NR
100076,NR
100077,NR
100078,NR
100079,NR
100080,NR
100081,NR
100085,NR
100093,NR
100098,NR
100099,NR
102255,NR
103072,NR
103073,NR
103074,NR
106045,NR
106048,NR
106049,NR
106050,NR
106051,NR
106052,NR
106053,NR
106054,NR
106055,NR
106056,NR
106057,NR
106058,NR
106059,NR
106060,NR
106061,NR
106063,NR
106066,NR
106090,NR
106091,NR
106095,NR
106096,NR
106097,NR
122322,NR
132250,NR
136056,NR
182260,NR
184460,NR
311001,WR
311002,WR
311003,WR
311004,WR
311005,WR
311006,WR
311007,WR
311008,WR
311009,WR
311010,WR
311011,WR
311012,WR
311013,WR
311014,WR
311015,WR
311016,WR
311017,WR
311018,WR
311019,WR
311020,WR
311021,WR
311022,WR
311023,WR
311024,WR
311025,WR
311026,WR
311027,WR
311028,WR
311029,WR
311030,WR
311031,WR
311032,WR
311033,WR
311034,WR
311035,WR
311036,WR
311037,WR
311038,WR
311039,WR
311040,WR
311041,WR
311042,WR
311043,WR
311044,WR
311045,WR
311046,WR
311047,WR
311048,WR
311049,WR
311050,WR
311051,WR
311052,WR
311053,WR
311054,WR
311055,WR
311056,WR
311057,WR
311058,WR
311059,WR
311060,WR
311061,WR
311062,WR
311063,WR
311064,WR
311065,WR
311066,WR
311067,WR
311068,WR
311069,WR
311070,WR
311071,WR
311072,WR
311073,WR
311074,WR
311075,WR
311076,WR
311077,WR
311078,WR
311079,WR
311080,WR
311081,WR
311082,WR
311083,WR
311084,WR
311085,WR
311086,WR
311087,WR
311088,WR
311089,WR
311090,WR
311091,WR
311092,WR
311093,WR
311094,WR
311095,WR
311096,WR
311097,WR
311098,WR
311099,WR
311100,WR
311101,WR
311102,WR
311103,WR
311104,WR
311105,WR
311106,WR
311107,WR
311108,WR
311109,WR
311110,WR
311111,WR
311112,WR
311113,WR
311114,WR
311115,WR
312001,WR
312002,WR
312003,WR
312004,WR
312005,WR
312006,WR
312007,WR
312008,WR
312009,WR
312010,WR
312011,WR
312012,WR
312013,WR
312014,WR
312015,WR
312016,WR
312017,WR
312018,WR
312019,WR
312020,WR
312021,WR
312022,WR
312023,WR
312024,WR
312025,WR
312026,WR
312027,WR
312028,WR
312029,WR
312030,WR
312031,WR
312032,WR
312033,WR
312034,WR
312035,WR
312036,WR
312037,WR
312049,WR
312050,WR
312051,WR
314001,WR
314002,WR
314003,WR
314004,WR
314005,WR
314006,WR
314007,WR
314008,WR
314009,WR
314010,WR
314012,WR
314013,WR
314014,WR
314015,WR
314016,WR
314018,WR
314019,WR
314020,WR
314021,WR
314022,WR
314023,WR
314024,WR
314025,WR
314026,WR
314027,WR
314028,WR
314029,WR
314030,WR
314031,WR
314032,WR
314033,WR
314034,WR
314035,WR
314038,WR
314039,WR
314040,WR
314041,WR
314042,WR
314043,WR
314044,WR
314045,WR
314046,WR
314047,WR
314049,WR
314050,WR
314051,WR
314099,WR
318007,WR
318028,WR
318029,WR
318030,WR
318031,WR
318032,WR
318033,WR
318035,WR
318038,WR
322001,WR
322002,WR
324002,WR
326001,WR
326002,WR
326003,WR
326004,WR
326005,WR
326006,WR
326007,WR
141031,NR
152200,NR
152201,NR
152202,NR
152203,NR
152204,NR
152205,NR
152206,NR
152207,NR
152208,NR
152209,NR
152210,NR
152211,NR
152213,NR
152214,NR
152215,NR
152216,NR
152217,NR
152218,NR
152219,NR
152220,NR
152221,NR
152222,NR
152223,NR
152224,NR
152225,NR
152226,NR
152227,NR
152228,NR
152229,NR
152230,NR
152232,NR
152233,NR
152234,NR
152235,NR
152236,NR
152237,NR
152238,NR
152239,NR
152240,NR
152242,NR
152243,NR
152255,NR
153000,NR
153006,NR
153012,NR
153013,NR
153015,NR
153016,NR
153021,NR
153023,NR
153024,NR
153026,NR
153029,NR
153030,NR
153032,NR
153035,NR
153036,NR
153037,NR
154426,NR
156001,NR
156002,NR
156004,NR
156005,NR
156007,NR
156008,NR
156009,NR
156010,NR
156011,NR
156014,NR
156017,NR
156018,NR
156019,NR
156020,NR
156022,NR
156025,NR
156027,NR
156028,NR
156033,NR
156034,NR
156038,NR
156055,NR
182215,NR
182231,NR
182921,NR
184427,NR
184428,NR
184455,NR
184463,NR
184477,NR
184490,NR
184920,NR
184928,NR
187708,NR
332001,WR
332002,WR
332003,WR
334003,WR
336001,WR
336002,WR
336003,WR
336004,WR
336005,WR
336006,WR
336007,WR
336008,WR
336009,WR
336010,WR
336011,WR
336012,WR
336013,WR
336014,WR
336015,WR
336016,WR
336017,WR
336018,WR
336019,WR
336020,WR
341001,WR
341002,WR
341003,WR
341004,WR
341005,WR
341006,WR
341007,WR
342001,WR
342002,WR
342003,WR
342004,WR
342005,WR
342006,WR
344001,WR
351001,WR
351002,WR
351003,WR
351004,WR
351005,WR
351006,WR
351007,WR
351008,WR
351009,WR
351010,WR
351011,WR
351012,WR
351013,WR
351014,WR
351015,WR
351016,WR
351017,WR
351018,WR
351019,WR
351020,WR
351021,WR
351022,WR
351023,WR
351024,WR
351025,WR
351026,WR
351027,WR
351028,WR
351029,WR
351030,WR
351031,WR
351032,WR
351033,WR
351034,WR
351035,WR
351036,WR
351037,WR
351038,WR
351039,WR
351040,WR
351041,WR
351042,WR
351043,WR
351044,WR
351045,WR
351046,WR
351047,WR
351048,WR
351049,WR
351050,WR
351051,WR
351052,WR
351053,WR
351054,WR
351055,WR
351056,WR
351057,WR
351058,WR
351059,WR
351060,WR
351061,WR
351062,WR
351063,WR
351064,WR
351065,WR
351066,WR
351067,WR
351068,WR
351069,WR
351070,WR
351071,WR
351072,WR
351073,WR
351074,WR
351075,WR
351076,WR
351077,WR
351078,WR
351079,WR
351080,WR
351081,WR
351082,WR
351083,WR
351084,WR
352001,WR
352002,WR
352003,WR
352004,WR
352005,WR
352006,WR
352007,WR
352008,WR
352009,WR
352010,WR
352011,WR
352012,WR
352013,WR
352014,WR
352015,WR
352016,WR
352017,WR
352018,WR
352019,WR
352020,WR
352021,WR
352022,WR
352023,WR
352024,WR
352025,WR
352026,WR
352027,WR
352028,WR
352029,WR
352030,WR
352031,WR
352032,WR
352033,WR
352034,WR
352035,WR
352036,WR
352037,WR
352038,WR
352039,WR
352040,WR
352041,WR
352042,WR
352043,WR
352044,WR
352045,WR
352046,WR
352047,WR
352048,WR
352049,WR
352050,WR
352051,WR
352052,WR
352053,WR
352054,WR
352055,WR
352056,WR
352057,WR
352058,WR
352059,WR
352060,WR
352061,WR
352062,WR
352063,WR
352064,WR
352065,WR
352066,WR
352067,WR
352068,WR
352069,WR
352070,WR
352071,WR
352072,WR
352073,WR
352074,WR
352075,WR
352076,WR
352077,WR
352078,WR
352079,WR
352080,WR
352081,WR
352082,WR
352083,WR
352084,WR
352085,WR
352086,WR
352087,WR
352088,WR
352089,WR
352090,WR
352091,WR
352092,WR
352093,WR
352094,WR
352095,WR
352096,WR
352097,WR
352098,WR
352099,WR
352100,WR
352101,WR
352102,WR
352103,WR
352104,WR
352105,WR
352106,WR
352107,WR
352108,WR
352109,WR
352110,WR
352111,WR
352112,WR
352113,WR
352114,WR
352115,WR
352116,WR
352117,WR
352118,WR
352119,WR
352120,WR
352121,WR
352122,WR
352123,WR
352124,WR
352125,WR
352126,WR
352127,WR
352128,WR
352129,WR
352130,WR
352131,WR
352132,WR
352133,WR
352134,WR
352135,WR
352136,WR
352137,WR
352138,WR
352139,WR
352140,WR
352201,WR
354001,WR
354002,WR
354003,WR
354004,WR
354005,WR
354006,WR
354007,WR
354008,WR
354009,WR
354010,WR
354011,WR
354012,WR
354013,WR
354014,WR
354015,WR
354016,WR
354017,WR
354018,WR
354019,WR
354020,WR
354021,WR
354022,WR
354023,WR
354024,WR
354025,WR
354026,WR
354027,WR
354028,WR
354029,WR
354030,WR
354031,WR
354032,WR
354033,WR
354034,WR
354035,WR
354036,WR
354038,WR
354039,WR
354078,WR
354135,WR
354136,WR
354137,WR
354138,WR
354140,WR
356001,WR
356002,WR
358035,WR
358135,WR
358136,WR
140001,NR
141001,NR
141100,NR
141102,NR
141103,NR
141106,NR
141107,NR
141108,NR
141109,NR
141110,NR
141111,NR
141112,NR
141113,NR
141114,NR
141115,NR
141116,NR
141117,NR
141118,NR
141119,NR
141120,NR
141121,NR
141122,NR
141123,NR
141124,NR
141125,NR
141126,NR
141128,NR
141129,NR
141130,NR
141131,NR
141132,NR
141133,NR
141134,NR
141137,NR
141140,NR
141141,NR
141142,NR
141143,NR
141144,NR
141145,NR
141146,NR
141147,NR
141148,NR
141149,NR
141150,NR
141151,NR
141152,NR
141153,NR
141154,NR
141155,NR
141156,NR
141157,NR
141158,NR
141159,NR
141160,NR
141161,NR
141162,NR
141163,NR
141164,NR
141165,NR
141166,NR
141167,NR
141168,NR
141169,NR
141170,NR
141171,NR
141172,NR
141173,NR
141174,NR
141175,NR
141176,NR
141177,NR
141178,NR
141179,NR
141180,NR
141181,NR
141182,NR
141183,NR
141184,NR
141185,NR
141186,NR
141187,NR
141188,NR
141189,NR
141190,NR
141191,NR
141192,NR
141193,NR
141194,NR
141195,NR
141196,NR
141197,NR
141198,NR
141199,NR
141300,NR
141301,NR
141302,NR
141303,NR
141304,NR
141305,NR
141306,NR
141307,NR
141308,NR
141309,NR
141310,NR
141311,NR
141312,NR
141313,NR
141314,NR
141315,NR
141316,NR
141317,NR
141318,NR
141600,NR
141601,NR
141602,NR
141603,NR
141604,NR
141605,NR
141606,NR
141607,NR
141608,NR
141609,NR
141610,NR
141611,NR
141612,NR
141613,NR
141614,NR
141615,NR
141616,NR
141617,NR
141618,NR
141619,NR
141620,NR
141621,NR
141622,NR
141623,NR
141624,NR
141625,NR
141626,NR
141627,NR
141628,NR
141629,NR
141630,NR
141631,NR
141632,NR
141633,NR
141634,NR
141635,NR
141636,NR
141637,NR
141638,NR
141639,NR
141640,NR
141641,NR
141642,NR
141643,NR
141644,NR
141645,NR
141646,NR
141647,NR
141648,NR
141649,NR
141650,NR
141651,NR
141652,NR
141653,NR
141654,NR
141655,NR
141656,NR
141657,NR
141658,NR
141659,NR
141660,NR
141661,NR
141662,NR
141663,NR
141664,NR
141665,NR
141666,NR
141667,NR
141668,NR
141669,NR
141670,NR
141671,NR
141672,NR
141673,NR
141674,NR
141675,NR
141676,NR
141677,NR
141678,NR
141679,NR
141680,NR
141681,NR
141682,NR
141683,NR
141684,NR
141685,NR
141686,NR
141687,NR
141688,NR
141689,NR
141690,NR
141691,NR
141692,NR
141693,NR
141694,NR
141695,NR
141696,NR
141697,NR
141698,NR
141699,NR
141932,NR
142200,NR
142201,NR
142202,NR
142203,NR
142204,NR
142205,NR
142206,NR
142207,NR
142208,NR
142209,NR
142210,NR
142211,NR
142212,NR
142213,NR
142214,NR
142215,NR
142216,NR
142217,NR
142218,NR
142220,NR
142222,NR
142223,NR
142225,NR
142226,NR
142227,NR
142228,NR
142229,NR
142230,NR
142231,NR
142232,NR
142233,NR
142234,NR
142235,NR
142236,NR
142237,NR
142238,NR
142239,NR
142240,NR
142241,NR
142242,NR
142243,NR
142244,NR
142245,NR
142246,NR
142247,NR
142248,NR
142249,NR
142250,NR
142251,NR
142252,NR
142253,NR
142254,NR
142255,NR
142256,NR
142257,NR
142258,NR
142259,NR
142260,NR
142261,NR
142262,NR
142263,NR
142264,NR
142265,NR
142266,NR
142267,NR
142268,NR
142269,NR
142270,NR
142271,NR
142272,NR
142273,NR
142298,NR
142299,NR
142319,NR
142320,NR
142321,NR
142322,NR
142323,NR
142324,NR
142325,NR
142326,NR
142327,NR
142328,NR
142329,NR
142330,NR
142929,NR
143021,NR
143045,NR
143046,NR
143050,NR
143054,NR
143057,NR
143060,NR
143061,NR
143062,NR
143063,NR
143064,NR
143068,NR
143069,NR
143072,NR
144001,NR
144004,NR
144005,NR
144006,NR
144035,NR
144401,NR
144402,NR
144403,NR
144404,NR
144406,NR
144407,NR
144408,NR
144410,NR
146003,NR
146012,NR
146019,NR
146020,NR
146022,NR
146023,NR
146025,NR
146030,NR
146043,NR
146044,NR
146055,NR
146067,NR
146070,NR
146071,NR
146101,NR
146104,NR
146105,NR
146127,NR
146135,NR
146136,NR
146138,NR
146139,NR
182200,NR
182207,NR
182208,NR
182210,NR
182212,NR
182219,NR
182220,NR
182221,NR
182239,NR
182280,NR
182916,NR
182922,NR
182943,NR
184400,NR
184409,NR
184417,NR
184420,NR
184421,NR
184429,NR
184434,NR
184441,NR
184443,NR
184450,NR
184457,NR
184459,NR
184469,NR
184480,NR
184483,NR
184486,NR
184901,NR
184904,NR
184919,NR
184958,NR
187704,NR
188283,NR
121100,NR
121102,NR
121104,NR
121105,NR
121106,NR
121107,NR
121108,NR
121109,NR
121110,NR
121112,NR
121113,NR
121114,NR
121115,NR
121116,NR
121117,NR
121118,NR
121119,NR
121120,NR
121121,NR
121122,NR
121123,NR
121124,NR
121125,NR
121126,NR
121127,NR
121128,NR
121129,NR
121131,NR
121135,NR
121140,NR
121901,NR
122200,NR
122201,NR
122202,NR
122203,NR
122205,NR
122206,NR
122207,NR
122208,NR
122209,NR
122210,NR
122211,NR
122212,NR
122226,NR
122279,NR
122902,NR
122920,NR
123003,NR
124402,NR
124403,NR
124404,NR
124903,NR
124910,NR
126001,NR
126002,NR
126004,NR
131192,NR
181111,NR
181118,NR
181135,NR
182201,NR
182202,NR
182204,NR
182214,NR
182216,NR
182217,NR
182218,NR
182904,NR
182926,NR
182928,NR
182929,NR
182930,NR
184267,NR
184401,NR
184402,NR
184411,NR
184419,NR
184440,NR
184448,NR
184456,NR
184467,NR
184468,NR
184470,NR
184471,NR
184472,NR
184478,NR
184479,NR
184485,NR
184572,NR
184579,NR
184903,NR
184930,NR
186014,NR
186015,NR
111006,NR
111101,NR
111102,NR
111103,NR
111104,NR
111105,NR
111106,NR
111107,NR
111108,NR
111109,NR
111110,NR
111111,NR
111112,NR
111113,NR
111114,NR
111115,NR
111116,NR
111117,NR
111118,NR
111119,NR
111120,NR
111121,NR
111122,NR
111123,NR
111126,NR
111127,NR
111128,NR
111129,NR
111130,NR
111131,NR
111132,NR
111133,NR
111134,NR
111135,NR
111136,NR
111137,NR
111138,NR
111139,NR
111140,NR
111141,NR
111142,NR
111143,NR
111144,NR
111145,NR
111146,NR
112200,NR
112201,NR
112202,NR
112203,NR
112204,NR
112205,NR
112206,NR
112208,NR
112209,NR
112224,NR
112233,NR
112234,NR
112235,NR
112236,NR
112237,NR
112238,NR
112239,NR
112240,NR
112241,NR
112247,NR
114401,NR
181100,NR
182227,NR
182276,NR
182444,NR
184414,NR
184418,NR
184422,NR
184444,NR
184447,NR
184453,NR
184476,NR
184540,NR
184541,NR
184542,NR
184900,NR
188706,NR
411229,ER
431001,ER
431008,ER
431009,ER
431011,ER
431020,ER
431021,ER
431025,ER
431026,ER
431028,ER
431029,ER
431030,ER
431045,ER
431046,ER
431047,ER
431048,ER
431049,ER
431050,ER
431052,ER
431053,ER
431054,ER
431056,ER
431058,ER
431059,ER
431101,ER
431512,ER
431534,ER
431536,ER
432001,ER
432004,ER
432006,ER
432010,ER
432033,ER
432034,ER
432035,ER
432038,ER
432040,ER
432060,ER
432064,ER
432501,ER
432511,ER
432630,ER
434001,ER
434004,ER
434005,ER
434011,ER
434031,ER
434035,ER
434050,ER
434411,ER
441119,ER
471000,ER
471001,ER
471002,ER
471003,ER
471004,ER
471005,ER
471006,ER
471007,ER
471008,ER
471009,ER
471010,ER
471011,ER
471111,ER
471112,ER
471119,ER
471188,ER
471228,ER
471502,ER
471503,ER
471504,ER
471508,ER
471510,ER
471513,ER
471514,ER
471515,ER
471516,ER
471521,ER
471522,ER
471523,ER
471526,ER
471531,ER
471535,ER
471538,ER
471539,ER
471540,ER
472000,ER
472001,ER
472002,ER
472003,ER
472006,ER
472011,ER
472012,ER
472014,ER
472017,ER
472033,ER
472034,ER
472214,ER
472228,ER
474000,ER
474012,ER
474014,ER
474022,ER
474023,ER
474024,ER
474027,ER
474028,ER
474033,ER
474036,ER
474046,ER
474047,ER
474050,ER
474062,ER
478025,ER
478046,ER
522001,SR
522002,SR
522003,SR
522004,SR
522005,SR
522006,SR
522007,SR
522008,SR
522009,SR
522010,SR
522011,SR
522012,SR
522015,SR
522016,SR
522017,SR
522018,SR
522019,SR
522020,SR
522021,SR
522022,SR
522023,SR
522024,SR
522025,SR
522026,SR
522027,SR
522028,SR
522029,SR
522030,SR
522031,SR
522032,SR
522033,SR
522034,SR
522035,SR
522036,SR
522037,SR
522038,SR
522039,SR
522040,SR
522041,SR
522042,SR
522043,SR
522044,SR
522045,SR
522046,SR
522047,SR
522049,SR
522050,SR
522051,SR
522052,SR
522053,SR
522054,SR
522055,SR
522056,SR
522057,SR
522058,SR
522059,SR
522060,SR
522061,SR
522062,SR
522063,SR
522064,SR
522065,SR
522066,SR
522067,SR
522068,SR
522069,SR
522070,SR
522071,SR
522072,SR
522073,SR
522074,SR
522075,SR
522076,SR
522077,SR
522078,SR
522079,SR
522080,SR
522082,SR
522083,SR
522084,SR
522085,SR
522086,SR
522087,SR
522088,SR
522089,SR
522090,SR
522091,SR
522092,SR
522093,SR
522094,SR
522095,SR
522096,SR
522097,SR
522098,SR
522101,SR
522102,SR
522103,SR
522104,SR
522105,SR
522106,SR
522107,SR
522108,SR
522109,SR
522110,SR
522111,SR
522112,SR
522113,SR
522114,SR
522115,SR
522116,SR
522117,SR
522118,SR
522119,SR
522120,SR
522121,SR
522122,SR
522123,SR
522124,SR
522125,SR
522126,SR
522127,SR
522128,SR
522129,SR
522130,SR
522131,SR
522132,SR
522133,SR
522134,SR
522135,SR
522136,SR
522137,SR
522138,SR
522139,SR
522140,SR
522141,SR
522142,SR
522143,SR
522144,SR
522145,SR
522146,SR
522147,SR
522148,SR
522149,SR
522150,SR
522151,SR
522152,SR
522153,SR
522154,SR
522155,SR
522156,SR
522157,SR
522158,SR
522177,SR
522203,SR
523025,SR
524001,SR
524002,SR
524003,SR
524004,SR
524005,SR
524006,SR
524007,SR
524008,SR
524009,SR
524010,SR
524011,SR
524012,SR
524013,SR
524014,SR
524015,SR
524016,SR
524025,SR
524034,SR
524035,SR
524044,SR
524047,SR
524048,SR
524049,SR
524050,SR
524076,SR
524077,SR
524081,SR
524082,SR
524083,SR
524084,SR
524085,SR
524086,SR
524087,SR
524097,SR
524098,SR
524099,SR
528003,SR
528015,SR
528034,SR
528047,SR
528083,SR
528098,SR
528099,SR
534006,SR
544011,SR
518029,WR
531001,SR
531002,SR
531003,SR
531004,SR
531005,SR
531006,SR
531007,SR
531008,SR
531009,SR
531010,SR
531011,SR
531012,SR
531013,SR
531014,SR
531015,SR
531016,SR
531017,SR
531018,SR
531019,SR
531020,SR
531021,SR
531022,SR
531023,SR
531024,SR
531025,SR
531026,SR
531027,SR
531028,SR
531029,SR
531030,SR
531031,SR
531032,SR
531033,SR
531034,SR
531035,SR
531036,SR
531037,SR
531038,SR
531039,SR
531040,SR
531041,SR
531042,SR
531043,SR
531044,SR
531045,SR
531046,SR
531047,SR
531048,SR
531049,SR
531050,SR
531051,SR
531052,SR
531053,SR
531054,SR
531055,SR
531056,SR
531057,SR
531058,SR
531059,SR
531060,SR
531061,SR
531062,SR
531063,SR
531064,SR
531065,SR
531066,SR
531067,SR
531068,SR
531069,SR
531070,SR
531071,SR
531072,SR
531073,SR
531074,SR
531075,SR
531076,SR
531077,SR
531078,SR
531079,SR
531251,SR
531252,SR
531253,SR
531254,SR
531255,SR
531256,SR
531257,SR
531258,SR
531259,SR
531260,SR
531261,SR
531262,SR
531301,SR
531303,SR
531305,SR
531307,SR
531308,SR
531309,SR
531310,SR
531311,SR
531312,SR
531313,SR
531314,SR
531315,SR
531316,SR
531317,SR
531318,SR
531319,SR
531320,SR
531321,SR
531322,SR
531323,SR
531324,SR
531325,SR
531326,SR
531327,SR
531328,SR
531329,SR
531330,SR
531331,SR
531332,SR
531333,SR
531334,SR
531335,SR
531336,SR
531337,SR
531338,SR
531339,SR
531340,SR
531341,SR
531342,SR
531343,SR
531344,SR
531345,SR
531346,SR
531347,SR
531348,SR
531349,SR
531350,SR
531351,SR
531352,SR
531353,SR
531354,SR
531355,SR
531356,SR
531357,SR
531358,SR
531359,SR
531360,SR
531361,SR
531362,SR
531363,SR
531364,SR
531365,SR
531366,SR
531367,SR
531368,SR
531369,SR
531370,SR
531371,SR
531372,SR
531377,SR
531378,SR
531379,SR
531380,SR
531381,SR
531382,SR
531383,SR
531384,SR
531385,SR
531386,SR
531387,SR
531388,SR
531389,SR
531390,SR
531391,SR
531392,SR
531393,SR
531394,SR
531395,SR
531396,SR
531397,SR
531398,SR
531399,SR
531400,SR
531401,SR
531402,SR
531551,SR
531552,SR
531553,SR
531554,SR
531555,SR
531556,SR
531557,SR
531558,SR
531559,SR
531560,SR
531561,SR
531601,SR
531602,SR
531603,SR
531604,SR
531605,SR
531606,SR
531607,SR
531608,SR
531609,SR
531610,SR
531611,SR
531612,SR
531613,SR
531614,SR
531615,SR
531616,SR
531617,SR
531618,SR
531619,SR
531621,SR
531622,SR
531624,SR
531625,SR
531627,SR
531629,SR
531630,SR
531631,SR
531632,SR
531634,SR
531636,SR
531637,SR
531638,SR
531639,SR
531640,SR
531641,SR
531642,SR
531643,SR
531644,SR
531645,SR
531647,SR
531648,SR
531650,SR
531652,SR
531653,SR
531655,SR
531656,SR
531657,SR
531660,SR
531661,SR
531663,SR
531666,SR
531667,SR
531670,SR
531690,SR
531691,SR
531850,SR
531852,SR
531853,SR
531854,SR
531855,SR
531857,SR
531859,SR
532001,SR
532002,SR
532003,SR
532004,SR
532005,SR
532006,SR
532007,SR
532008,SR
532009,SR
532010,SR
532011,SR
532012,SR
532013,SR
532014,SR
532015,SR
532251,SR
532252,SR
532253,SR
532254,SR
532255,SR
532256,SR
532257,SR
532258,SR
532259,SR
532260,SR
532261,SR
532301,SR
532302,SR
532303,SR
532305,SR
532306,SR
532307,SR
532308,SR
532310,SR
532312,SR
532313,SR
532551,SR
532552,SR
532553,SR
532554,SR
532555,SR
532557,SR
532558,SR
532559,SR
532601,SR
532602,SR
532603,SR
532604,SR
532605,SR
532606,SR
532607,SR
532608,SR
532609,SR
532610,SR
532611,SR
532853,SR
532854,SR
532855,SR
532857,SR
532858,SR
532859,SR
532951,SR
532953,SR
532954,SR
532955,SR
532956,SR
532957,SR
534251,SR
534259,SR
534301,SR
534302,SR
534857,SR
534858,SR
534859,SR
534949,SR
534950,SR
534951,SR
534952,SR
534953,SR
534954,SR
534955,SR
534956,SR
534999,SR
536001,SR
536002,SR
536003,SR
536004,SR
536005,SR
536006,SR
536008,SR
536009,SR
536010,SR
536011,SR
536012,SR
536013,SR
536014,SR
536015,SR
536016,SR
536018,SR
536019,SR
536020,SR
536021,SR
536022,SR
536023,SR
536024,SR
536025,SR
536026,SR
536028,SR
536029,SR
536030,SR
536031,SR
536032,SR
536033,SR
536034,SR
536035,SR
536036,SR
536037,SR
536038,SR
536039,SR
536040,SR
536042,SR
536043,SR
536044,SR
536045,SR
536046,SR
536047,SR
536048,SR
536049,SR
536050,SR
536051,SR
536052,SR
536053,SR
536054,SR
536055,SR
536056,SR
536057,SR
536058,SR
536059,SR
536060,SR
536061,SR
536062,SR
536063,SR
536064,SR
536065,SR
536066,SR
536067,SR
536068,SR
536069,SR
536251,SR
536252,SR
536301,SR
536302,SR
536303,SR
536304,SR
536305,SR
536306,SR
536307,SR
536308,SR
536310,SR
536311,SR
536312,SR
536313,SR
536314,SR
536315,SR
536316,SR
536317,SR
536318,SR
536319,SR
536320,SR
536321,SR
536322,SR
536323,SR
536324,SR
536325,SR
536326,SR
536327,SR
536328,SR
536329,SR
536330,SR
536331,SR
536332,SR
536333,SR
536334,SR
536335,SR
536336,SR
536337,SR
536338,SR
536339,SR
536340,SR
536341,SR
536342,SR
536343,SR
536344,SR
536345,SR
536346,SR
536347,SR
536348,SR
536349,SR
536350,SR
536351,SR
536352,SR
536353,SR
536354,SR
536355,SR
536356,SR
536357,SR
536358,SR
536359,SR
536360,SR
536361,SR
536601,SR
536602,SR
536603,SR
536604,SR
536605,SR
536606,SR
536607,SR
536608,SR
536609,SR
536610,SR
536611,SR
536612,SR
536613,SR
536614,SR
536615,SR
536616,SR
536617,SR
536618,SR
536619,SR
536620,SR
536621,SR
536622,SR
536623,SR
536624,SR
536625,SR
536626,SR
536627,SR
371001,WR
371002,WR
371003,WR
371004,WR
371005,WR
371006,WR
371007,WR
371008,WR
371009,WR
371010,WR
371011,WR
371012,WR
371013,WR
371014,WR
371015,WR
371016,WR
371017,WR
371018,WR
371019,WR
371020,WR
371021,WR
371022,WR
371023,WR
371024,WR
371025,WR
371026,WR
371027,WR
371028,WR
371029,WR
371030,WR
371031,WR
371032,WR
371033,WR
371034,WR
371035,WR
371036,WR
371037,WR
371038,WR
371039,WR
371040,WR
371041,WR
371042,WR
371043,WR
371044,WR
371045,WR
371046,WR
371047,WR
371048,WR
371049,WR
371050,WR
371051,WR
371052,WR
371053,WR
371054,WR
371055,WR
371056,WR
371057,WR
371058,WR
371059,WR
371060,WR
371061,WR
371062,WR
371063,WR
371064,WR
371065,WR
371066,WR
371067,WR
371068,WR
371069,WR
371070,WR
371071,WR
371072,WR
371073,WR
371074,WR
371075,WR
371076,WR
371077,WR
371078,WR
371079,WR
371080,WR
371081,WR
371082,WR
371083,WR
371084,WR
371085,WR
371086,WR
371087,WR
371088,WR
371089,WR
371090,WR
371091,WR
371092,WR
371093,WR
371094,WR
371095,WR
371096,WR
371097,WR
371098,WR
371099,WR
371100,WR
371101,WR
371102,WR
371103,WR
371104,WR
371105,WR
371106,WR
371107,WR
371108,WR
371109,WR
371110,WR
371111,WR
371112,WR
371113,WR
371114,WR
371115,WR
371116,WR
371117,WR
371118,WR
371119,WR
371120,WR
371121,WR
371122,WR
371123,WR
371124,WR
371125,WR
371126,WR
371127,WR
371128,WR
371129,WR
371130,WR
371131,WR
371132,WR
371133,WR
371134,WR
371135,WR
371136,WR
371137,WR
371138,WR
371139,WR
371140,WR
371141,WR
371142,WR
371143,WR
371144,WR
371145,WR
371146,WR
371147,WR
371148,WR
371149,WR
371150,WR
371151,WR
371152,WR
371153,WR
371154,WR
371155,WR
371156,WR
371157,WR
371158,WR
371159,WR
371160,WR
371161,WR
371163,WR
371164,WR
371165,WR
371166,WR
371167,WR
371168,WR
371169,WR
371170,WR
371171,WR
371172,WR
371173,WR
371174,WR
371175,WR
371176,WR
371177,WR
371178,WR
371179,WR
371180,WR
371181,WR
371182,WR
371183,WR
371184,WR
371185,WR
371186,WR
371187,WR
371188,WR
371189,WR
371190,WR
371191,WR
371192,WR
371193,WR
371194,WR
371195,WR
371196,WR
371197,WR
371198,WR
371199,WR
371200,WR
371201,WR
371202,WR
371203,WR
371204,WR
371205,WR
371206,WR
371207,WR
371208,WR
371209,WR
371210,WR
371211,WR
371212,WR
371213,WR
371214,WR
371215,WR
371216,WR
371217,WR
371218,WR
371219,WR
371220,WR
371221,WR
371222,WR
371223,WR
371224,WR
371225,WR
371226,WR
371227,WR
371228,WR
371229,WR
371230,WR
371231,WR
371232,WR
371233,WR
371234,WR
371235,WR
371236,WR
371237,WR
371238,WR
371239,WR
371240,WR
371241,WR
371242,WR
371243,WR
371244,WR
371245,WR
371246,WR
371247,WR
371248,WR
371249,WR
371250,WR
371251,WR
371252,WR
371253,WR
371254,WR
371255,WR
371256,WR
371257,WR
371258,WR
371259,WR
371260,WR
371261,WR
371262,WR
371263,WR
371264,WR
371265,WR
371266,WR
371267,WR
371268,WR
371269,WR
371270,WR
371271,WR
371272,WR
371273,WR
371274,WR
371275,WR
371276,WR
371277,WR
371278,WR
371279,WR
371280,WR
371281,WR
371282,WR
371283,WR
371284,WR
371285,WR
371286,WR
371287,WR
371288,WR
371289,WR
371290,WR
371291,WR
371292,WR
371293,WR
371294,WR
371295,WR
371296,WR
371297,WR
371298,WR
371299,WR
371300,WR
371301,WR
371302,WR
371303,WR
371304,WR
371305,WR
371306,WR
371307,WR
371308,WR
371309,WR
371310,WR
371311,WR
371312,WR
371313,WR
371314,WR
371315,WR
371316,WR
371317,WR
371318,WR
371319,WR
371320,WR
371321,WR
371322,WR
371323,WR
371324,WR
371325,WR
371326,WR
371327,WR
371328,WR
371329,WR
371330,WR
371331,WR
371332,WR
371333,WR
371334,WR
371335,WR
371401,WR
371402,WR
371403,WR
371404,WR
371405,WR
371406,WR
371407,WR
371408,WR
371409,WR
371410,WR
371411,WR
371412,WR
371413,WR
372001,WR
372002,WR
372003,WR
372004,WR
372005,WR
372006,WR
372007,WR
372008,WR
372009,WR
372011,WR
372012,WR
372013,WR
372014,WR
372015,WR
372016,WR
372017,WR
372018,WR
372019,WR
372020,WR
372021,WR
372022,WR
372023,WR
372024,WR
372025,WR
372026,WR
372027,WR
372028,WR
372029,WR
372030,WR
372031,WR
372032,WR
372033,WR
372034,WR
372035,WR
372036,WR
372037,WR
372038,WR
372039,WR
372040,WR
372041,WR
372042,WR
372043,WR
372044,WR
372045,WR
372046,WR
372047,WR
372048,WR
372049,WR
372050,WR
372051,WR
372052,WR
372053,WR
372054,WR
372055,WR
372056,WR
372057,WR
372058,WR
372059,WR
372060,WR
372061,WR
372062,WR
372063,WR
372064,WR
372065,WR
372066,WR
372067,WR
372068,WR
372069,WR
372070,WR
372071,WR
372072,WR
372073,WR
372074,WR
372075,WR
372076,WR
372077,WR
372078,WR
372079,WR
372080,WR
372081,WR
372082,WR
372083,WR
372084,WR
372085,WR
372086,WR
372087,WR
372088,WR
372089,WR
372090,WR
372091,WR
372092,WR
372093,WR
372094,WR
372095,WR
372096,WR
372097,WR
372098,WR
372099,WR
372100,WR
372101,WR
372102,WR
372103,WR
372104,WR
372105,WR
372106,WR
372107,WR
372108,WR
372109,WR
372110,WR
372111,WR
372112,WR
372113,WR
372114,WR
372115,WR
372116,WR
372117,WR
372118,WR
372119,WR
372120,WR
372121,WR
372122,WR
372123,WR
372124,WR
372125,WR
372126,WR
372127,WR
372128,WR
372129,WR
372130,WR
372131,WR
372132,WR
372133,WR
372134,WR
372135,WR
372136,WR
372137,WR
372138,WR
372139,WR
372140,WR
372141,WR
372142,WR
372143,WR
372144,WR
372145,WR
372146,WR
372147,WR
372148,WR
372149,WR
372150,WR
372151,WR
372152,WR
372153,WR
372154,WR
372155,WR
372156,WR
372157,WR
372158,WR
372159,WR
372160,WR
372161,WR
372162,WR
372163,WR
372164,WR
372165,WR
372166,WR
372167,WR
372168,WR
372169,WR
372170,WR
372171,WR
372172,WR
372173,WR
372174,WR
372175,WR
372176,WR
372177,WR
372178,WR
372179,WR
372180,WR
372181,WR
372182,WR
372183,WR
372184,WR
372185,WR
372186,WR
372187,WR
372188,WR
372189,WR
372190,WR
372191,WR
372192,WR
372193,WR
372194,WR
372195,WR
372196,WR
372197,WR
372198,WR
372199,WR
372200,WR
372201,WR
372202,WR
372203,WR
372204,WR
372205,WR
372206,WR
372207,WR
372208,WR
372209,WR
372210,WR
372211,WR
372212,WR
372213,WR
372214,WR
372215,WR
372216,WR
372217,WR
372241,WR
372243,WR
372252,WR
372253,WR
372254,WR
372256,WR
372257,WR
372282,WR
372301,WR
372401,WR
372402,WR
372403,WR
372404,WR
372405,WR
372406,WR
372407,WR
372408,WR
372409,WR
372410,WR
372411,WR
372940,WR
372941,WR
374001,WR
374002,WR
374003,WR
374004,WR
374005,WR
374006,WR
374007,WR
374008,WR
374009,WR
374010,WR
374011,WR
374012,WR
374013,WR
374014,WR
374015,WR
374016,WR
374017,WR
374018,WR
374019,WR
374020,WR
374021,WR
374022,WR
374023,WR
374024,WR
374025,WR
374026,WR
374027,WR
374028,WR
374029,WR
374030,WR
374031,WR
374032,WR
374033,WR
374034,WR
374035,WR
374036,WR
374037,WR
374038,WR
374039,WR
374040,WR
374041,WR
374042,WR
374043,WR
374044,WR
374045,WR
374046,WR
374047,WR
374048,WR
374049,WR
374050,WR
374051,WR
374052,WR
374053,WR
374055,WR
374056,WR
374057,WR
374090,WR
374091,WR
374092,WR
374101,WR
374102,WR
374217,WR
378021,WR
378032,WR
378040,WR
378043,WR
378044,WR
378045,WR
378046,WR
378048,WR
378049,WR
378050,WR
378051,WR
378053,WR
378091,WR
251000,NER
251010,NER
251011,NER
251015,NER
251016,NER
251017,NER
251018,NER
251019,NER
251020,NER
251021,NER
251022,NER
251030,NER
251031,NER
251040,NER
251041,NER
251043,NER
251050,NER
251060,NER
251070,NER
251071,NER
251080,NER
251081,NER
251082,NER
251090,NER
251091,NER
251301,NER
251302,NER
253001,NER
253002,NER
253042,NER
253044,NER
254001,NER
211145,NER
231000,NER
231001,NER
231002,NER
231003,NER
231004,NER
231005,NER
231006,NER
231007,NER
231008,NER
231009,NER
231010,NER
231011,NER
231012,NER
231013,NER
231014,NER
231015,NER
231020,NER
231030,NER
231031,NER
231040,NER
231050,NER
231060,NER
231070,NER
231080,NER
231100,NER
231110,NER
231111,NER
231120,NER
231130,NER
231140,NER
231150,NER
231160,NER
231170,NER
231180,NER
231200,NER
231230,NER
231240,NER
231250,NER
231260,NER
231270,NER
231280,NER
231300,NER
231301,NER
231302,NER
231303,NER
231304,NER
231305,NER
231310,NER
231340,NER
231350,NER
231360,NER
231370,NER
231380,NER
231390,NER
231400,NER
231410,NER
231900,NER
232001,NER
232002,NER
232090,NER
233001,NER
233002,NER
233003,NER
233005,NER
233032,NER
234020,NER
260002,NER
261000,NER
261010,NER
261020,NER
261021,NER
261030,NER
261031,NER
261032,NER
261033,NER
261034,NER
261035,NER
261060,NER
261069,NER
261070,NER
261080,NER
261081,NER
261090,NER
261100,NER
261131,NER
261132,NER
261133,NER
261301,NER
261302,NER
261303,NER
263001,NER
263002,NER
263003,NER
263005,NER
263006,NER
263057,NER
263070,NER
264001,NER
264134,NER
361000,WR
361001,WR
361002,WR
361003,WR
361004,WR
361005,WR
361006,WR
361007,WR
361008,WR
361009,WR
361010,WR
361011,WR
361012,WR
361013,WR
361014,WR
361015,WR
361016,WR
361017,WR
361018,WR
361019,WR
361020,WR
361021,WR
361022,WR
361023,WR
361024,WR
361025,WR
361026,WR
361027,WR
361028,WR
361029,WR
361030,WR
361031,WR
361032,WR
361033,WR
361034,WR
361035,WR
361036,WR
361037,WR
361038,WR
361039,WR
361040,WR
361041,WR
361042,WR
361043,WR
361044,WR
361045,WR
361046,WR
361047,WR
361048,WR
361049,WR
361050,WR
361051,WR
361052,WR
361053,WR
361054,WR
361055,WR
361056,WR
361057,WR
361058,WR
361059,WR
361060,WR
361061,WR
361062,WR
361063,WR
361064,WR
361065,WR
361066,WR
361067,WR
361068,WR
361069,WR
361070,WR
361071,WR
361072,WR
361073,WR
361074,WR
361075,WR
361076,WR
361077,WR
361078,WR
361079,WR
361080,WR
361081,WR
361082,WR
361083,WR
361084,WR
361085,WR
361086,WR
361087,WR
361088,WR
361089,WR
361090,WR
361091,WR
361092,WR
361093,WR
361094,WR
361095,WR
361096,WR
361097,WR
361098,WR
361099,WR
361100,WR
361101,WR
361102,WR
361103,WR
361104,WR
361105,WR
361106,WR
361107,WR
361108,WR
361109,WR
361110,WR
361111,WR
361112,WR
361113,WR
361114,WR
361115,WR
361116,WR
361117,WR
361118,WR
361119,WR
361120,WR
361121,WR
361122,WR
361123,WR
361124,WR
361125,WR
361126,WR
361127,WR
361128,WR
361129,WR
361130,WR
361131,WR
361132,WR
361133,WR
361134,WR
361135,WR
361136,WR
361137,WR
361138,WR
361139,WR
361140,WR
361141,WR
361142,WR
361143,WR
361144,WR
361145,WR
361146,WR
361147,WR
361148,WR
361149,WR
361150,WR
361151,WR
361152,WR
361153,WR
361154,WR
361155,WR
361156,WR
361157,WR
361158,WR
361159,WR
361160,WR
361161,WR
361162,WR
361163,WR
361164,WR
361165,WR
361166,WR
361167,WR
361168,WR
361169,WR
361170,WR
361171,WR
361172,WR
361173,WR
361174,WR
361175,WR
361176,WR
361177,WR
361178,WR
361179,WR
361180,WR
361181,WR
361182,WR
361183,WR
361184,WR
361185,WR
361186,WR
361187,WR
361188,WR
361189,WR
361190,WR
361191,WR
361192,WR
361193,WR
361194,WR
361195,WR
361196,WR
361197,WR
361198,WR
361199,WR
361200,WR
361201,WR
361202,WR
361203,WR
361204,WR
361205,WR
361206,WR
361207,WR
361208,WR
361209,WR
361210,WR
361211,WR
361212,WR
361213,WR
361214,WR
361215,WR
361216,WR
361217,WR
361218,WR
361219,WR
361220,WR
361221,WR
361222,WR
361223,WR
361224,WR
361225,WR
361226,WR
361227,WR
361228,WR
361229,WR
361230,WR
361231,WR
361232,WR
361233,WR
361234,WR
361235,WR
361236,WR
361237,WR
361238,WR
361239,WR
361240,WR
361241,WR
361242,WR
361243,WR
361244,WR
361245,WR
361246,WR
361247,WR
361248,WR
361249,WR
361250,WR
361251,WR
361252,WR
361253,WR
361254,WR
361255,WR
361256,WR
361257,WR
361258,WR
361259,WR
361260,WR
362001,WR
362002,WR
362003,WR
362004,WR
362005,WR
362006,WR
362007,WR
362008,WR
362009,WR
362010,WR
362011,WR
362012,WR
362013,WR
362014,WR
362015,WR
362016,WR
362017,WR
362018,WR
362019,WR
362020,WR
362021,WR
362022,WR
362023,WR
362024,WR
362025,WR
362026,WR
362027,WR
362028,WR
362029,WR
362030,WR
362031,WR
362032,WR
362033,WR
362034,WR
362035,WR
362036,WR
362037,WR
362038,WR
362039,WR
362040,WR
362041,WR
362042,WR
362043,WR
362044,WR
362045,WR
362046,WR
362047,WR
362048,WR
362049,WR
362050,WR
362052,WR
362053,WR
362054,WR
362055,WR
362056,WR
362057,WR
362058,WR
362059,WR
362060,WR
362061,WR
362062,WR
362063,WR
362064,WR
362065,WR
362066,WR
362067,WR
362068,WR
362069,WR
362070,WR
362071,WR
362072,WR
362073,WR
362074,WR
362075,WR
362076,WR
362077,WR
362078,WR
362079,WR
362080,WR
362081,WR
362082,WR
362084,WR
362085,WR
362086,WR
362089,WR
362148,WR
364001,WR
364002,WR
364003,WR
364004,WR
364005,WR
364006,WR
364007,WR
364008,WR
364009,WR
364010,WR
364011,WR
364012,WR
364013,WR
364014,WR
364015,WR
364016,WR
364017,WR
364018,WR
364019,WR
364020,WR
364021,WR
364022,WR
364023,WR
364024,WR
364025,WR
364026,WR
364027,WR
364028,WR
364029,WR
364030,WR
364031,WR
364032,WR
364033,WR
364034,WR
364035,WR
364036,WR
364037,WR
364038,WR
364041,WR
364082,WR
364083,WR
364084,WR
364086,WR
368007,WR
368012,WR
368013,WR
368014,WR
368023,WR
368024,WR
368025,WR
368026,WR
368027,WR
368035,WR
368039,WR
368040,WR
368041,WR
368083,WR
368084,WR
378057,WR
214041,NER
241000,NER
241001,NER
241002,NER
241003,NER
241004,NER
241005,NER
241006,NER
241007,NER
241008,NER
241010,NER
241011,NER
241012,NER
241013,NER
241020,NER
241021,NER
241030,NER
241040,NER
241058,NER
241059,NER
241060,NER
241061,NER
241062,NER
241301,NER
241510,NER
242001,NER
242002,NER
242011,NER
242050,NER
243001,NER
243002,NER
243003,NER
243004,NER
243005,NER
243007,NER
244001,NER
246002,NER
246003,NER
246004,NER
246006,NER
246007,NER
246008,NER
246009,NER
246010,NER
246100,NER
246110,NER
246120,NER
246130,NER
246140,NER
246180,NER
246190,NER
246200,NER
246210,NER
246220,NER
246230,NER
246240,NER
246250,NER
184435,NR
184445,NR
184487,NR
184488,NR
184489,NR
420001,ER
420002,ER
421001,ER
421008,ER
421011,ER
421037,ER
421042,ER
421043,ER
421045,ER
421098,ER
421099,ER
421503,ER
421506,ER
421508,ER
421509,ER
421510,ER
421511,ER
421512,ER
421513,ER
421514,ER
421516,ER
421518,ER
421520,ER
421521,ER
421522,ER
421524,ER
421526,ER
421527,ER
421529,ER
421534,ER
421535,ER
421536,ER
421537,ER
421541,ER
421542,ER
421544,ER
421545,ER
421546,ER
421548,ER
421549,ER
421550,ER
421551,ER
421552,ER
421553,ER
421554,ER
421557,ER
421558,ER
421559,ER
421560,ER
421561,ER
421562,ER
421563,ER
421564,ER
421565,ER
421566,ER
421567,ER
421568,ER
421569,ER
421570,ER
421571,ER
421574,ER
421576,ER
421577,ER
421578,ER
421579,ER
421580,ER
421583,ER
421590,ER
421591,ER
421592,ER
421596,ER
421597,ER
421602,ER
421603,ER
421612,ER
421699,ER
421705,ER
422001,ER
422002,ER
422003,ER
422008,ER
422010,ER
422011,ER
422015,ER
422020,ER
422029,ER
422030,ER
422033,ER
422037,ER
422042,ER
422043,ER
422044,ER
422045,ER
422051,ER
422072,ER
422502,ER
422505,ER
422507,ER
422523,ER
422525,ER
422528,ER
422531,ER
422540,ER
422543,ER
422572,ER
422575,ER
422581,ER
422582,ER
422584,ER
422586,ER
422588,ER
422589,ER
422595,ER
422598,ER
422599,ER
422605,ER
422606,ER
422607,ER
422609,ER
422610,ER
422611,ER
422700,ER
422701,ER
422702,ER
422703,ER
422704,ER
422706,ER
424000,ER
424001,ER
424004,ER
424010,ER
424012,ER
424014,ER
424015,ER
424016,ER
424018,ER
424019,ER
424020,ER
424021,ER
424022,ER
424023,ER
424026,ER
424027,ER
424028,ER
424029,ER
424030,ER
424031,ER
424032,ER
424033,ER
424034,ER
424035,ER
424039,ER
424040,ER
424041,ER
424042,ER
424043,ER
424044,ER
424050,ER
424051,ER
424059,ER
424072,ER
424073,ER
424090,ER
424091,ER
424094,ER
424095,ER
424099,ER
424118,ER
424128,ER
424129,ER
424199,ER
424429,ER
428000,ER
428001,ER
428014,ER
428015,ER
428072,ER
428073,ER
428090,ER
428091,ER
428092,ER
428093,ER
428094,ER
428272,ER
431044,ER
17471,PAKISTAN
541107,SR
542000,SR
542032,SR
542073,SR
542100,SR
13244,NR
131100,NR
131101,NR
131102,NR
131103,NR
131105,NR
131106,NR
131107,NR
131108,NR
131109,NR
131110,NR
131111,NR
131112,NR
131113,NR
131114,NR
131115,NR
131116,NR
131117,NR
131118,NR
131119,NR
131120,NR
131121,NR
131122,NR
131123,NR
131124,NR
131125,NR
131126,NR
131127,NR
131128,NR
131129,NR
131130,NR
131131,NR
131133,NR
131134,NR
131136,NR
131137,NR
131138,NR
131139,NR
131140,NR
131141,NR
131142,NR
131143,NR
131144,NR
131145,NR
131146,NR
131147,NR
131148,NR
131149,NR
131150,NR
131151,NR
131152,NR
131153,NR
131154,NR
131155,NR
131156,NR
131157,NR
131158,NR
131159,NR
131160,NR
131161,NR
131162,NR
131163,NR
131164,NR
131165,NR
131166,NR
131167,NR
131168,NR
131169,NR
131170,NR
131171,NR
131172,NR
131173,NR
131174,NR
131175,NR
131176,NR
131177,NR
131178,NR
131179,NR
131180,NR
131181,NR
131182,NR
131183,NR
131184,NR
131185,NR
131186,NR
131187,NR
131188,NR
131189,NR
131190,NR
131191,NR
131195,NR
131196,NR
131197,NR
131198,NR
131199,NR
131271,NR
131600,NR
131601,NR
131602,NR
131603,NR
131604,NR
131605,NR
131606,NR
131607,NR
131608,NR
131609,NR
131610,NR
131611,NR
131612,NR
131613,NR
131614,NR
131615,NR
131680,NR
132200,NR
132201,NR
132202,NR
132203,NR
132204,NR
132205,NR
132206,NR
132207,NR
132208,NR
132209,NR
132210,NR
132211,NR
132212,NR
132213,NR
132214,NR
132215,NR
132216,NR
132217,NR
132218,NR
132219,NR
132220,NR
132221,NR
132222,NR
132223,NR
132224,NR
132225,NR
132226,NR
132227,NR
132229,NR
132230,NR
132231,NR
132232,NR
132233,NR
132234,NR
132235,NR
132236,NR
132237,NR
132238,NR
132239,NR
132240,NR
132241,NR
132242,NR
132243,NR
132244,NR
132245,NR
132246,NR
132247,NR
132248,NR
132249,NR
132251,NR
132252,NR
132253,NR
132254,NR
132256,NR
132257,NR
132258,NR
132259,NR
132260,NR
132261,NR
132262,NR
132263,NR
132264,NR
132265,NR
132266,NR
132267,NR
132268,NR
132269,NR
132270,NR
132271,NR
132272,NR
132273,NR
132274,NR
132275,NR
132276,NR
132277,NR
132278,NR
132279,NR
132280,NR
132281,NR
132282,NR
132283,NR
132284,NR
132287,NR
132290,NR
132291,NR
132292,NR
132293,NR
132294,NR
132295,NR
132297,NR
132298,NR
132299,NR
132927,NR
134401,NR
134402,NR
134403,NR
134404,NR
134405,NR
134406,NR
134407,NR
136000,NR
136001,NR
136002,NR
136003,NR
136004,NR
136005,NR
136006,NR
136007,NR
136008,NR
136009,NR
136010,NR
136011,NR
136012,NR
136013,NR
136015,NR
136016,NR
136017,NR
136018,NR
136019,NR
136020,NR
136021,NR
136023,NR
136024,NR
136025,NR
136027,NR
136028,NR
136029,NR
136030,NR
136034,NR
136036,NR
136037,NR
136038,NR
136041,NR
136042,NR
136043,NR
136044,NR
136045,NR
136046,NR
136047,NR
136048,NR
136049,NR
136050,NR
136051,NR
136052,NR
136053,NR
136054,NR
136057,NR
136059,NR
136060,NR
136061,NR
136062,NR
136063,NR
136064,NR
136065,NR
136066,NR
136068,NR
136069,NR
136070,NR
136071,NR
136072,NR
136073,NR
136074,NR
136075,NR
136076,NR
136077,NR
136078,NR
136079,NR
136081,NR
136082,NR
136083,NR
136084,NR
136085,NR
136086,NR
136087,NR
136104,NR
136927,NR
136928,NR
162330,NR
181126,NR
182205,NR
182224,NR
182226,NR
182228,NR
182230,NR
182910,NR
182911,NR
182912,NR
182913,NR
182918,NR
182942,NR
184408,NR
184423,NR
184442,NR
184484,NR
184917,NR
184918,NR
184925,NR
187703,NR
188405,NR
188407,NR
188705,NR
188707,NR
161000,NR
161001,NR
161002,NR
161003,NR
161004,NR
161005,NR
161006,NR
161008,NR
161009,NR
161010,NR
161011,NR
161012,NR
161013,NR
161014,NR
161015,NR
161016,NR
161017,NR
161018,NR
161019,NR
161020,NR
161021,NR
161022,NR
161023,NR
161024,NR
161025,NR
161026,NR
161027,NR
161028,NR
161029,NR
161030,NR
161031,NR
161032,NR
161033,NR
161034,NR
161035,NR
161036,NR
161037,NR
161038,NR
161039,NR
161040,NR
161041,NR
161042,NR
161043,NR
161044,NR
161045,NR
161046,NR
161047,NR
161048,NR
161049,NR
161050,NR
161051,NR
161052,NR
161053,NR
161054,NR
161055,NR
161056,NR
161057,NR
161058,NR
161059,NR
161060,NR
161061,NR
161062,NR
161063,NR
161064,NR
161065,NR
161066,NR
161067,NR
161068,NR
161069,NR
161070,NR
161071,NR
161072,NR
161073,NR
161074,NR
161075,NR
161076,NR
161077,NR
161078,NR
161079,NR
161080,NR
161081,NR
161082,NR
161083,NR
161084,NR
161085,NR
161086,NR
161087,NR
161088,NR
161089,NR
161090,NR
161091,NR
161092,NR
161093,NR
161094,NR
161095,NR
161096,NR
161097,NR
161098,NR
161099,NR
161100,NR
161101,NR
161102,NR
161103,NR
161104,NR
161105,NR
161106,NR
161107,NR
161108,NR
161109,NR
161110,NR
161111,NR
161112,NR
161113,NR
161114,NR
161115,NR
161116,NR
161117,NR
161118,NR
161119,NR
161120,NR
161121,NR
161122,NR
161123,NR
161124,NR
161125,NR
161126,NR
161127,NR
161128,NR
161129,NR
161130,NR
161131,NR
161132,NR
161133,NR
161134,NR
161135,NR
161136,NR
161137,NR
161138,NR
161139,NR
161140,NR
161141,NR
161142,NR
161143,NR
161144,NR
161145,NR
161146,NR
161147,NR
161148,NR
161149,NR
161150,NR
161151,NR
161152,NR
161153,NR
161154,NR
161155,NR
161156,NR
161157,NR
161158,NR
161159,NR
161160,NR
161161,NR
161162,NR
161163,NR
161164,NR
161165,NR
161166,NR
161167,NR
161168,NR
161169,NR
161170,NR
161171,NR
161172,NR
161173,NR
161174,NR
161175,NR
161176,NR
161177,NR
161178,NR
161179,NR
161180,NR
161181,NR
161182,NR
161183,NR
161184,NR
161185,NR
161186,NR
161187,NR
161188,NR
161189,NR
161190,NR
161191,NR
161192,NR
161193,NR
161194,NR
161195,NR
161196,NR
161197,NR
161198,NR
161199,NR
161600,NR
161601,NR
161602,NR
161603,NR
161604,NR
161605,NR
161606,NR
161607,NR
161608,NR
161609,NR
161610,NR
161611,NR
161612,NR
161613,NR
161614,NR
161615,NR
161616,NR
161617,NR
161618,NR
161619,NR
161620,NR
161621,NR
161622,NR
161623,NR
161624,NR
161625,NR
161626,NR
161627,NR
161628,NR
161629,NR
161630,NR
161631,NR
161632,NR
161633,NR
161634,NR
161635,NR
161636,NR
161637,NR
161638,NR
161639,NR
161640,NR
161641,NR
161642,NR
161643,NR
161644,NR
161645,NR
161646,NR
161647,NR
161648,NR
161649,NR
161650,NR
161651,NR
161652,NR
161653,NR
161654,NR
161655,NR
161656,NR
161657,NR
161658,NR
161659,NR
161666,NR
161667,NR
161668,NR
161669,NR
161670,NR
161671,NR
161672,NR
161673,NR
161674,NR
161675,NR
161676,NR
161677,NR
161678,NR
161679,NR
161680,NR
161681,NR
161682,NR
161683,NR
161684,NR
161685,NR
161686,NR
161687,NR
161688,NR
161689,NR
161690,NR
161691,NR
161692,NR
161693,NR
161694,NR
161695,NR
161696,NR
161697,NR
161698,NR
161699,NR
161700,NR
161701,NR
161702,NR
161703,NR
161704,NR
161705,NR
161706,NR
161707,NR
161708,NR
161709,NR
161710,NR
161711,NR
161712,NR
161713,NR
161714,NR
161715,NR
161716,NR
161717,NR
161718,NR
161719,NR
161720,NR
161721,NR
161722,NR
161723,NR
161724,NR
161725,NR
161726,NR
161727,NR
161728,NR
161729,NR
161730,NR
161731,NR
161732,NR
161733,NR
161734,NR
161735,NR
161736,NR
161737,NR
161738,NR
161739,NR
161740,NR
161741,NR
161742,NR
161743,NR
161744,NR
161745,NR
161746,NR
161747,NR
161748,NR
161749,NR
161750,NR
161751,NR
161752,NR
161753,NR
161754,NR
161755,NR
161756,NR
161757,NR
161758,NR
161759,NR
161760,NR
161761,NR
161762,NR
161763,NR
161764,NR
161765,NR
161766,NR
161767,NR
161768,NR
161769,NR
161770,NR
161771,NR
161772,NR
161773,NR
161774,NR
161775,NR
161776,NR
161777,NR
161778,NR
161779,NR
161780,NR
161781,NR
161782,NR
161783,NR
161784,NR
161785,NR
161786,NR
161787,NR
161788,NR
161789,NR
161790,NR
161791,NR
161792,NR
161793,NR
161794,NR
161795,NR
161796,NR
161797,NR
161798,NR
161799,NR
161800,NR
161801,NR
161802,NR
161803,NR
161804,NR
161805,NR
161806,NR
161807,NR
161808,NR
161809,NR
161810,NR
161811,NR
161812,NR
161813,NR
161814,NR
161815,NR
161816,NR
161817,NR
161818,NR
161819,NR
161820,NR
161821,NR
161822,NR
161823,NR
161824,NR
161825,NR
161826,NR
161827,NR
161828,NR
161829,NR
161830,NR
161831,NR
161832,NR
161833,NR
161834,NR
161835,NR
161836,NR
161837,NR
161838,NR
161839,NR
161840,NR
161841,NR
161842,NR
161843,NR
161844,NR
161845,NR
161846,NR
161847,NR
161848,NR
161849,NR
161850,NR
161851,NR
161852,NR
161853,NR
161854,NR
161855,NR
161856,NR
161857,NR
161858,NR
161859,NR
161860,NR
161861,NR
161862,NR
161863,NR
161864,NR
161865,NR
161866,NR
161867,NR
161868,NR
161869,NR
161870,NR
161871,NR
161872,NR
161873,NR
161874,NR
161875,NR
161876,NR
161877,NR
161878,NR
161879,NR
161880,NR
161881,NR
161882,NR
161883,NR
161884,NR
161885,NR
161886,NR
161887,NR
161888,NR
162000,NR
162007,NR
162200,NR
162201,NR
162202,NR
162203,NR
162204,NR
162205,NR
162206,NR
162207,NR
162208,NR
162209,NR
162210,NR
162211,NR
162212,NR
162213,NR
162214,NR
162215,NR
162216,NR
162217,NR
162218,NR
162219,NR
162220,NR
162221,NR
162222,NR
162223,NR
162224,NR
162225,NR
162226,NR
162227,NR
162228,NR
162229,NR
162230,NR
162231,NR
162232,NR
162233,NR
162234,NR
162235,NR
162236,NR
162237,NR
162238,NR
162239,NR
162240,NR
162241,NR
162242,NR
162243,NR
162244,NR
162245,NR
162246,NR
162247,NR
162248,NR
162249,NR
162250,NR
162251,NR
162252,NR
162253,NR
162254,NR
162255,NR
162256,NR
162257,NR
162258,NR
162259,NR
162260,NR
162261,NR
162262,NR
162263,NR
162264,NR
162265,NR
162266,NR
162267,NR
162268,NR
162269,NR
162270,NR
162271,NR
162272,NR
162273,NR
162274,NR
162275,NR
162276,NR
162277,NR
162278,NR
162279,NR
162280,NR
162281,NR
162282,NR
162283,NR
162284,NR
162285,NR
162286,NR
162287,NR
162288,NR
162289,NR
162290,NR
162291,NR
162292,NR
162293,NR
162294,NR
162295,NR
162296,NR
162297,NR
162298,NR
162299,NR
162300,NR
162301,NR
162302,NR
162303,NR
162304,NR
162305,NR
162306,NR
162307,NR
162308,NR
162309,NR
162310,NR
162311,NR
162312,NR
162313,NR
162314,NR
162315,NR
162316,NR
162317,NR
162318,NR
162319,NR
162320,NR
162321,NR
162322,NR
162323,NR
162324,NR
162325,NR
162326,NR
162327,NR
162328,NR
162329,NR
162331,NR
162332,NR
162359,NR
162360,NR
162361,NR
162379,NR
162390,NR
162395,NR
162654,NR
162757,NR
162760,NR
162874,NR
162929,NR
164110,NR
164400,NR
164401,NR
164402,NR
164403,NR
164404,NR
164406,NR
164408,NR
164409,NR
164410,NR
164411,NR
164412,NR
164413,NR
164414,NR
164415,NR
164416,NR
164417,NR
164427,NR
164428,NR
164429,NR
164433,NR
164444,NR
164446,NR
164451,NR
164456,NR
164457,NR
164458,NR
164459,NR
164460,NR
164461,NR
167761,NR
167773,NR
168417,NR
168429,NR
168458,NR
168459,NR
182203,NR
182206,NR
182223,NR
182225,NR
182236,NR
182262,NR
182914,NR
182919,NR
182924,NR
182973,NR
184403,NR
184404,NR
184405,NR
184407,NR
184430,NR
184458,NR
184461,NR
184473,NR
184921,NR
491004,ER
491005,ER
491006,ER
491009,ER
491011,ER
491034,ER
491035,ER
491036,ER
491060,ER
491065,ER
492001,ER
492002,ER
492003,ER
492004,ER
492005,ER
492007,ER
492008,ER
492009,ER
494001,ER
494002,ER
494010,ER
494011,ER
494012,ER
494070,ER
541000,SR
541001,SR
541002,SR
541003,SR
541006,SR
541018,SR
541020,SR
541026,SR
541027,SR
541044,SR
541045,SR
541046,SR
541058,SR
541070,SR
541090,SR
541093,SR
541094,SR
541097,SR
541100,SR
541102,SR
541104,SR
541105,SR
541106,SR
541109,SR
541112,SR
541119,SR
541122,SR
541302,SR
541303,SR
541304,SR
541305,SR
541306,SR
541307,SR
541308,SR
541309,SR
541310,SR
541311,SR
541312,SR
541313,SR
541314,SR
541315,SR
541316,SR
541323,SR
541324,SR
541326,SR
541327,SR
541328,SR
541330,SR
541331,SR
541332,SR
541334,SR
541339,SR
541340,SR
541341,SR
541342,SR
541343,SR
541344,SR
541345,SR
541347,SR
541348,SR
541349,SR
541352,SR
541401,SR
541404,SR
541405,SR
541406,SR
541407,SR
541408,SR
541409,SR
541410,SR
541411,SR
541412,SR
541413,SR
541415,SR
541416,SR
541417,SR
541418,SR
541421,SR
541422,SR
541423,SR
541424,SR
541425,SR
542001,SR
542002,SR
542003,SR
542004,SR
542005,SR
542006,SR
542007,SR
542008,SR
542009,SR
542010,SR
542011,SR
542012,SR
542013,SR
542014,SR
542015,SR
542016,SR
542017,SR
542018,SR
542019,SR
542020,SR
542021,SR
542022,SR
542023,SR
542024,SR
542025,SR
542026,SR
542027,SR
542028,SR
542029,SR
542030,SR
542031,SR
542033,SR
542034,SR
542035,SR
542036,SR
542037,SR
542038,SR
542039,SR
542040,SR
542041,SR
542042,SR
542043,SR
542044,SR
542045,SR
542046,SR
542047,SR
542048,SR
542049,SR
542050,SR
542051,SR
542052,SR
542053,SR
542054,SR
542055,SR
542056,SR
542057,SR
542058,SR
542059,SR
542060,SR
542061,SR
542062,SR
542063,SR
542064,SR
542065,SR
542066,SR
542067,SR
542068,SR
542069,SR
542070,SR
542071,SR
542072,SR
542074,SR
542075,SR
542076,SR
542077,SR
542078,SR
542079,SR
542080,SR
542081,SR
542082,SR
542083,SR
542084,SR
542085,SR
542086,SR
542087,SR
542088,SR
542089,SR
542090,SR
542091,SR
542092,SR
542093,SR
542094,SR
542095,SR
542096,SR
542097,SR
542098,SR
542099,SR
542101,SR
542102,SR
542103,SR
542104,SR
542105,SR
542106,SR
542107,SR
542108,SR
542109,SR
542110,SR
542111,SR
542112,SR
542113,SR
542114,SR
542115,SR
542116,SR
542117,SR
542118,SR
542119,SR
542120,SR
542121,SR
542122,SR
542124,SR
542125,SR
542126,SR
542127,SR
542128,SR
542129,SR
542130,SR
542131,SR
542132,SR
542133,SR
542134,SR
542135,SR
542136,SR
542137,SR
542138,SR
542139,SR
542140,SR
542141,SR
542142,SR
542143,SR
542144,SR
542145,SR
542146,SR
542147,SR
542148,SR
542149,SR
542150,SR
542151,SR
542152,SR
542153,SR
542154,SR
542155,SR
542156,SR
542157,SR
542158,SR
542159,SR
542160,SR
542161,SR
542162,SR
542163,SR
542164,SR
542165,SR
542166,SR
542167,SR
542168,SR
542169,SR
542170,SR
544000,SR
544001,SR
544002,SR
544003,SR
544004,SR
544005,SR
544006,SR
544007,SR
544008,SR
544009,SR
544010,SR
544012,SR
544013,SR
544014,SR
544015,SR
544016,SR
544017,SR
544018,SR
544019,SR
544020,SR
544021,SR
544022,SR
544023,SR
544024,SR
544025,SR
544026,SR
544027,SR
544035,SR
544040,SR
544041,SR
544046,SR
544050,SR
544054,SR
544063,SR
544071,SR
544072,SR
544073,SR
544077,SR
544078,SR
544086,SR
544087,SR
544088,SR
544089,SR
544090,SR
544091,SR
544092,SR
544093,SR
544094,SR
544095,SR
544096,SR
544097,SR
544098,SR
544113,SR
544114,SR
544115,SR
544122,SR
544123,SR
544124,SR
544125,SR
544126,SR
544127,SR
544128,SR
544129,SR
544131,SR
544132,SR
544133,SR
544150,SR
544151,SR
544165,SR
544166,SR
544168,SR
544169,SR
548003,SR
548008,SR
548012,SR
548021,SR
548025,SR
548072,SR
548087,SR
548089,SR
548093,SR
548094,SR
548095,SR
548097,SR
548099,SR
548124,SR
548127,SR
548128,SR
548129,SR
511001,SR
511046,SR
511049,SR
511069,SR
511070,SR
512002,SR
512003,SR
512004,SR
512012,SR
512020,SR
512021,SR
512022,SR
512023,SR
512033,SR
512036,SR
512046,SR
512047,SR
512049,SR
512051,SR
512052,SR
512053,SR
512054,SR
512055,SR
512056,SR
512060,SR
512062,SR
512068,SR
512069,SR
512070,SR
512078,SR
512079,SR
512082,SR
512095,SR
512102,SR
512106,SR
512118,SR
512119,SR
512120,SR
512121,SR
512122,SR
512123,SR
512124,SR
512125,SR
512126,SR
512127,SR
512128,SR
512129,SR
512165,SR
512166,SR
512167,SR
514001,SR
514002,SR
514003,SR
514004,SR
514009,SR
514011,SR
514012,SR
514020,SR
514021,SR
514022,SR
514023,SR
514029,SR
514031,SR
514049,SR
514051,SR
514052,SR
514059,SR
514060,SR
514062,SR
514079,SR
514080,SR
514095,SR
514101,SR
514102,SR
514134,SR
514165,SR
518004,SR
518051,SR
518062,SR
518079,SR
522048,SR
271000,NER
271010,NER
271030,NER
271040,NER
271041,NER
271042,NER
271043,NER
271044,NER
271045,NER
271046,NER
271047,NER
271049,NER
271050,NER
271051,NER
271052,NER
271053,NER
271055,NER
271056,NER
271057,NER
271058,NER
271059,NER
271060,NER
271061,NER
271070,NER
271071,NER
271080,NER
271090,NER
271104,NER
271120,NER
271130,NER
271140,NER
271210,NER
271220,NER
271221,NER
271230,NER
271240,NER
271301,NER
271302,NER
271303,NER
271311,NER
271319,NER
271340,NER
271341,NER
271371,NER
271590,NER
271600,NER
274001,NER
274002,NER
274080,NER
276052,NER
276054,NER
276055,NER
276056,NER
276057,NER
276059,NER
276060,NER
276061,NER
276062,NER
276300,NER
276310,NER
276320,NER
276330,NER
276340,NER
276350,NER
276360,NER
276370,NER
276380,NER
276390,NER
276400,NER
276410,NER
276420,NER
276430,NER
144405,NR
152212,NR
171100,NR
171101,NR
171102,NR
171103,NR
171104,NR
171105,NR
171106,NR
171107,NR
171108,NR
171109,NR
171110,NR
171111,NR
171112,NR
171113,NR
171114,NR
171115,NR
171116,NR
171117,NR
171118,NR
171119,NR
171120,NR
171121,NR
171122,NR
171126,NR
171128,NR
171130,NR
171131,NR
171132,NR
171133,NR
171135,NR
171136,NR
171138,NR
171142,NR
171144,NR
171147,NR
171149,NR
171150,NR
171151,NR
171154,NR
171156,NR
171158,NR
171159,NR
171161,NR
171162,NR
171163,NR
171164,NR
171165,NR
171166,NR
171167,NR
171168,NR
171169,NR
171170,NR
171172,NR
171173,NR
171174,NR
171176,NR
171177,NR
171178,NR
171179,NR
171181,NR
171183,NR
171184,NR
171185,NR
171186,NR
171187,NR
171188,NR
171189,NR
171190,NR
171198,NR
171199,NR
171237,NR
171300,NR
171301,NR
171302,NR
171303,NR
171304,NR
171305,NR
171306,NR
171307,NR
171308,NR
171309,NR
171310,NR
171311,NR
171312,NR
171313,NR
171314,NR
171315,NR
171316,NR
171317,NR
171318,NR
171319,NR
171320,NR
171321,NR
171322,NR
171323,NR
171324,NR
171325,NR
171326,NR
171327,NR
171328,NR
171329,NR
171330,NR
171331,NR
171332,NR
171333,NR
171334,NR
171335,NR
171336,NR
171337,NR
171338,NR
171340,NR
171341,NR
171342,NR
171343,NR
171344,NR
171345,NR
171346,NR
171349,NR
171350,NR
171351,NR
171352,NR
171353,NR
171354,NR
171355,NR
171356,NR
171357,NR
171358,NR
171359,NR
171360,NR
171361,NR
171362,NR
171363,NR
171364,NR
171365,NR
171366,NR
171367,NR
171368,NR
171369,NR
171371,NR
171372,NR
171373,NR
171374,NR
171375,NR
171376,NR
171377,NR
171378,NR
171379,NR
171380,NR
171381,NR
171382,NR
171383,NR
171384,NR
171385,NR
171386,NR
171387,NR
171388,NR
171389,NR
171390,NR
171391,NR
171392,NR
171393,NR
171394,NR
171395,NR
171396,NR
171397,NR
171398,NR
171399,NR
171501,NR
171502,NR
171503,NR
171504,NR
171505,NR
171506,NR
171508,NR
171509,NR
171510,NR
171511,NR
171513,NR
171514,NR
171515,NR
171516,NR
171517,NR
171518,NR
171519,NR
171520,NR
171522,NR
171523,NR
171524,NR
171525,NR
171526,NR
171527,NR
171528,NR
171529,NR
171531,NR
171532,NR
171533,NR
171534,NR
171535,NR
171536,NR
171538,NR
171539,NR
171540,NR
171541,NR
171542,NR
171543,NR
171544,NR
171545,NR
171546,NR
171547,NR
171548,NR
171549,NR
171550,NR
171551,NR
171552,NR
171553,NR
171554,NR
171555,NR
171556,NR
171557,NR
171558,NR
171559,NR
171560,NR
171561,NR
171569,NR
171585,NR
171600,NR
171601,NR
171602,NR
171603,NR
171604,NR
171605,NR
171606,NR
171607,NR
171608,NR
171609,NR
171610,NR
171611,NR
171612,NR
171613,NR
171614,NR
171615,NR
171616,NR
171617,NR
171618,NR
171619,NR
171620,NR
171621,NR
171622,NR
171623,NR
171624,NR
171625,NR
171626,NR
171627,NR
171628,NR
171629,NR
171630,NR
171631,NR
171632,NR
171633,NR
171634,NR
171635,NR
171636,NR
171637,NR
171638,NR
171639,NR
171640,NR
171641,NR
171642,NR
171643,NR
171644,NR
171645,NR
171646,NR
171647,NR
171648,NR
171649,NR
171650,NR
171651,NR
171652,NR
171653,NR
171654,NR
171655,NR
171656,NR
171657,NR
171658,NR
171659,NR
171660,NR
171661,NR
171662,NR
171663,NR
171664,NR
171665,NR
171666,NR
171667,NR
171668,NR
171669,NR
171670,NR
171671,NR
171672,NR
171673,NR
171674,NR
171675,NR
171676,NR
171677,NR
171678,NR
171679,NR
171680,NR
171681,NR
171682,NR
171684,NR
171685,NR
171686,NR
171688,NR
171689,NR
171690,NR
171691,NR
171692,NR
171693,NR
171694,NR
171695,NR
171696,NR
171698,NR
171699,NR
171700,NR
171701,NR
171702,NR
171703,NR
171704,NR
171705,NR
171706,NR
171707,NR
171708,NR
171709,NR
171710,NR
171711,NR
171712,NR
171713,NR
171714,NR
171715,NR
171716,NR
171717,NR
171718,NR
171719,NR
171720,NR
171721,NR
171722,NR
171723,NR
171724,NR
171725,NR
171726,NR
171728,NR
171729,NR
171730,NR
171731,NR
171732,NR
171733,NR
171734,NR
171735,NR
171736,NR
171737,NR
171738,NR
171739,NR
171740,NR
171741,NR
171742,NR
171743,NR
171744,NR
171745,NR
171746,NR
171747,NR
171748,NR
171749,NR
171750,NR
171751,NR
171752,NR
171753,NR
171754,NR
171755,NR
171756,NR
171757,NR
171758,NR
171759,NR
171760,NR
171761,NR
171762,NR
171763,NR
171764,NR
171765,NR
171766,NR
171767,NR
171768,NR
171769,NR
171770,NR
171771,NR
171772,NR
171773,NR
171774,NR
171775,NR
171776,NR
171777,NR
171778,NR
171779,NR
171780,NR
171781,NR
171782,NR
171783,NR
171784,NR
171785,NR
171786,NR
171787,NR
171788,NR
172200,NR
172201,NR
172202,NR
172203,NR
172204,NR
172205,NR
172206,NR
172207,NR
172208,NR
172209,NR
172210,NR
172211,NR
172212,NR
172213,NR
172214,NR
172215,NR
172216,NR
172217,NR
172218,NR
172219,NR
172220,NR
172221,NR
172222,NR
172223,NR
172224,NR
172227,NR
172228,NR
172229,NR
172230,NR
172231,NR
172232,NR
172234,NR
172235,NR
172236,NR
172238,NR
172239,NR
172240,NR
172241,NR
172243,NR
172244,NR
172245,NR
172246,NR
172247,NR
172248,NR
172249,NR
172250,NR
172251,NR
172252,NR
172254,NR
172255,NR
172256,NR
172257,NR
172258,NR
172259,NR
172260,NR
172261,NR
172262,NR
172263,NR
172264,NR
172265,NR
172266,NR
172267,NR
172268,NR
172269,NR
172270,NR
172271,NR
172274,NR
172275,NR
172277,NR
172278,NR
172279,NR
172280,NR
172281,NR
172282,NR
172283,NR
172284,NR
172285,NR
172286,NR
172287,NR
172288,NR
172289,NR
172294,NR
172295,NR
172296,NR
172297,NR
172299,NR
172350,NR
172500,NR
172507,NR
172512,NR
172521,NR
172530,NR
172562,NR
172563,NR
172564,NR
172565,NR
172566,NR
172567,NR
172568,NR
172570,NR
172590,NR
172591,NR
172800,NR
172801,NR
172900,NR
172904,NR
172905,NR
172999,NR
173020,NR
174000,NR
174058,NR
174262,NR
174263,NR
174264,NR
174265,NR
174266,NR
174267,NR
174268,NR
174285,NR
174350,NR
174400,NR
174401,NR
174402,NR
174403,NR
174404,NR
174408,NR
174414,NR
174416,NR
174427,NR
174437,NR
174440,NR
174445,NR
174446,NR
174466,NR
174468,NR
174469,NR
174470,NR
174471,NR
174472,NR
174479,NR
174480,NR
174481,NR
174482,NR
174485,NR
174486,NR
174499,NR
174512,NR
174565,NR
177405,NR
177406,NR
177407,NR
178262,NR
178263,NR
178265,NR
178266,NR
178710,NR
178714,NR
182211,NR
182234,NR
182238,NR
182267,NR
182901,NR
182907,NR
182915,NR
182927,NR
182988,NR
184000,NR
184067,NR
184258,NR
184406,NR
184410,NR
184412,NR
184413,NR
184415,NR
184416,NR
184424,NR
184426,NR
184431,NR
184432,NR
184433,NR
184436,NR
184437,NR
184438,NR
184439,NR
184446,NR
184451,NR
184454,NR
184462,NR
184464,NR
184465,NR
184466,NR
184474,NR
184475,NR
184481,NR
184482,NR
184905,NR
184907,NR
184909,NR
184911,NR
184914,NR
184922,NR
184923,NR
184927,NR
187000,NR
187700,NR
187701,NR
187705,NR
187706,NR
187707,NR
187709,NR
187806,NR
187882,NR
188258,NR
188401,NR
188408,NR
188412,NR
188512,NR
188701,NR
188708,NR
188867,NR
188868,NR
171537,NR
172225,NR
174447,NR
182209,NR
182213,NR
182229,NR
182237,NR
182273,NR
184001,NR
184425,NR
184449,NR
184452,NR
184491,NR
184499,NR
188449,NR
191123,NR
191124,NR
191125,NR
191127,NR
191129,NR
191134,NR
191137,NR
191139,NR
191140,NR
191141,NR
191143,NR
191145,NR
191146,NR
191148,NR
191152,NR
191153,NR
191155,NR
191157,NR
191159,NR
191160,NR
191171,NR
191175,NR
191180,NR
191182,NR
191191,NR
191192,NR
191193,NR
191194,NR
191195,NR
191196,NR
191197,NR
191700,NR
191701,NR
191702,NR
191703,NR
191704,NR
191705,NR
191706,NR
191901,NR
191903,NR
191906,NR
191907,NR
191908,NR
191909,NR
191910,NR
191911,NR
191912,NR
191913,NR
192050,NR
192051,NR
192052,NR
192053,NR
192054,NR
192055,NR
192056,NR
192057,NR
192058,NR
192059,NR
192221,NR
192225,NR
192226,NR
192233,NR
192242,NR
192253,NR
192272,NR
192276,NR
192290,NR
192291,NR
192292,NR
192293,NR
192298,NR
192299,NR
192347,NR
192370,NR
192600,NR
192902,NR
194052,NR
194054,NR
194056,NR
194057,NR
194060,NR
194409,NR
194410,NR
194426,NR
194467,NR
431012,ER
431013,ER
431014,ER
431015,ER
431017,ER
431018,ER
431019,ER
431022,ER
431023,ER
431024,ER
431027,ER
431107,ER
431412,ER
431528,ER
431537,ER
431662,ER
431663,ER
431666,ER
432007,ER
432019,ER
432020,ER
432027,ER
432032,ER
432041,ER
432042,ER
432043,ER
432212,ER
432323,ER
432504,ER
432519,ER
432524,ER
432527,ER
432530,ER
432548,ER
432567,ER
432574,ER
432586,ER
432589,ER
432593,ER
432631,ER
434002,ER
434003,ER
434006,ER
434016,ER
434027,ER
434427,ER
440001,ER
441001,ER
441003,ER
441004,ER
441009,ER
441010,ER
441011,ER
441012,ER
441013,ER
441014,ER
441015,ER
441016,ER
441017,ER
441018,ER
441021,ER
441022,ER
441023,ER
441031,ER
441032,ER
441050,ER
441051,ER
441061,ER
441074,ER
441091,ER
441092,ER
441093,ER
441094,ER
441095,ER
441096,ER
441097,ER
441099,ER
441100,ER
441101,ER
441111,ER
441116,ER
441117,ER
441118,ER
441199,ER
441200,ER
441201,ER
441216,ER
441500,ER
441501,ER
441503,ER
441505,ER
441507,ER
441508,ER
441509,ER
441512,ER
441513,ER
441514,ER
441515,ER
441516,ER
441517,ER
441518,ER
441519,ER
441520,ER
441521,ER
441522,ER
441523,ER
441525,ER
441526,ER
441528,ER
441529,ER
441530,ER
441531,ER
441532,ER
441533,ER
441534,ER
441535,ER
441536,ER
441537,ER
441538,ER
441540,ER
441541,ER
441542,ER
441543,ER
441544,ER
441545,ER
441546,ER
441547,ER
441548,ER
441549,ER
441550,ER
441551,ER
441552,ER
441553,ER
441554,ER
441555,ER
441556,ER
441557,ER
441558,ER
441559,ER
441560,ER
441561,ER
441562,ER
441563,ER
441564,ER
441565,ER
441566,ER
441567,ER
441568,ER
441569,ER
441570,ER
441571,ER
441572,ER
441573,ER
441575,ER
441576,ER
441577,ER
441578,ER
441579,ER
441580,ER
441581,ER
441582,ER
441583,ER
441584,ER
441585,ER
441586,ER
441587,ER
441588,ER
441589,ER
441590,ER
441591,ER
441592,ER
441594,ER
441595,ER
441596,ER
441597,ER
441598,ER
441599,ER
441601,ER
441602,ER
441603,ER
441604,ER
441605,ER
441606,ER
441607,ER
441610,ER
441611,ER
441614,ER
441615,ER
441616,ER
441619,ER
441620,ER
441621,ER
441622,ER
441623,ER
441624,ER
441625,ER
441626,ER
441627,ER
441628,ER
441629,ER
441630,ER
441631,ER
441632,ER
441633,ER
441634,ER
441635,ER
441636,ER
441637,ER
441638,ER
441639,ER
441640,ER
441641,ER
441642,ER
441643,ER
441644,ER
441645,ER
441646,ER
441647,ER
441649,ER
441650,ER
441651,ER
441652,ER
441653,ER
441654,ER
441655,ER
441656,ER
441658,ER
441659,ER
441660,ER
441661,ER
441662,ER
441663,ER
441664,ER
441665,ER
441666,ER
441667,ER
441668,ER
441669,ER
441670,ER
441671,ER
441900,ER
441901,ER
441911,ER
442002,ER
442007,ER
442010,ER
442011,ER
442012,ER
442013,ER
442015,ER
442016,ER
442017,ER
442018,ER
442020,ER
442021,ER
442022,ER
442023,ER
442025,ER
442026,ER
442028,ER
442030,ER
442050,ER
442071,ER
442073,ER
442074,ER
442076,ER
442090,ER
442091,ER
442092,ER
442093,ER
442099,ER
442100,ER
442101,ER
442111,ER
442200,ER
442415,ER
442514,ER
442530,ER
442561,ER
442564,ER
442566,ER
442568,ER
442600,ER
442602,ER
442605,ER
442610,ER
442616,ER
442623,ER
442624,ER
442625,ER
442627,ER
442633,ER
442634,ER
442656,ER
442657,ER
442668,ER
442670,ER
443011,ER
443030,ER
443633,ER
444001,ER
444002,ER
444007,ER
444008,ER
444009,ER
444010,ER
444012,ER
444013,ER
444015,ER
444018,ER
444019,ER
444020,ER
444021,ER
444023,ER
444024,ER
444030,ER
444072,ER
444073,ER
444074,ER
444075,ER
444090,ER
444099,ER
444100,ER
444101,ER
444112,ER
444113,ER
448001,ER
448002,ER
448008,ER
